qid,answer,answer_start,answer_start_relative
0,Cover Boy,-1,-1
1,Die Pratermizzi,-1,-1
2,yes,-1,-1
3,yes,-1,-1
4,La Procesión,-1,-1
5,Akarshan,-1,-1
6,French,-1,-1
7,Secret Venture,-1,-1
8,Jim Sterling,-1,-1
9,yes,-1,-1
10,yes,-1,-1
11,To Play Or To Die,-1,-1
12,Il Seduttore,-1,-1
13,yes,-1,-1
14,no,-1,-1
15,Brooklyn,-1,-1
16,A Thunder Of Drums,-1,-1
17,yes,-1,-1
18,Argentine,-1,-1
19,Béziers,-1,-1
20,Brazil,-1,-1
21,Xavier Florencio,-1,-1
22,yes,-1,-1
23,Cinderella Of The Hills,-1,-1
24,yes,-1,-1
25,yes,-1,-1
26,William Henry Thompson,-1,-1
27,The King Of The Kickboxers,-1,-1
28,no,-1,-1
29,Ismael Íñiguez,-1,-1
30,yes,-1,-1
31,French,-1,-1
32,Girl On The Bridge,-1,-1
33,Khubsoorat,-1,-1
34,yes,-1,-1
35,Les Résultats Du Féminisme,-1,-1
36,German,-1,-1
37,Honeymoons,-1,-1
38,John Hopkins The Third,-1,-1
39,yes,-1,-1
40,Departure Of A Grand Old Man,-1,-1
41,Rona Randall,-1,-1
42,Without The King,-1,-1
43,yes,-1,-1
44,The Shanghai Story,-1,-1
45,Le Droit À La Vie,-1,-1
46,Zdeněk Svěrák,-1,-1
47,Every Blessed Day,-1,-1
48,yes,-1,-1
49,Aaj Ki Baat,-1,-1
50,American,-1,-1
51,yes,-1,-1
52,Night Of The Seagulls,-1,-1
53,For The Service,-1,-1
54,Far Away And Long Ago,-1,-1
55,Jones Morgan,-1,-1
56,New York,-1,-1
57,French,-1,-1
58,Osterode am Harz,-1,-1
59,yes,-1,-1
60,Maja Odžaklievska,-1,-1
61,Lord Of War,-1,-1
62,yes,-1,-1
63,Xi'an,-1,-1
64,Dutch,-1,-1
65,Cairo,-1,-1
66,John-Roger Hinkins,-1,-1
67,Saturn In Opposition,-1,-1
68,God'S Will Be Done,-1,-1
69,Closed Doors Village,-1,-1
70,yes,-1,-1
71,Born To Gamble,-1,-1
72,Tony Owen,-1,-1
73,University of British Columbia,-1,-1
74,György Enyedi,-1,-1
75,yes,-1,-1
76,Night And Dawn,-1,-1
77,Francis William Thring,-1,-1
78,yes,-1,-1
79,yes,-1,-1
80,yes,-1,-1
81,Thikkodi,-1,-1
82,Koch Bihar,-1,-1
83,Bad Man'S River,-1,-1
84,Fængslende Feriedage,-1,-1
85,Austrian,-1,-1
86,Latvian,-1,-1
87,Tag Til Marked I Fjordby,-1,-1
88,Vicente Borge,-1,-1
89,Matteo Furlan,-1,-1
90,Phony Express,-1,-1
91,"Dayton, Ohio",-1,-1
92,Austrian,-1,-1
93,Return To Cabin By The Lake,-1,-1
94,Chanakya Shapatham,-1,-1
95,Crimean,-1,-1
96,London,-1,-1
97,yes,-1,-1
98,Yuen Siu-tien,-1,-1
99,Las Tecnologías Pesqueras,-1,-1
100,Barravento,-1,-1
101,Düsseldorf,-1,-1
102,Luzy,-1,-1
103,The Pocket-Knife,-1,-1
104,no,-1,-1
105,L'Eroe Sono Io,-1,-1
106,yes,-1,-1
107,Dutch,-1,-1
108,Miguel Augusto Prince,-1,-1
109,Scrap Heaven,-1,-1
110,György Enyedi,-1,-1
111,Luca Calapai,-1,-1
112,Kottayam,-1,-1
113,11 November 1964,-1,-1
114,Kalabha Mazha,-1,-1
115,Elizabeth Rees-Williams,-1,-1
116,Key House Mirror,-1,-1
117,When Love Sets The Fashion,-1,-1
118,Alyaksey Vasilewski,-1,-1
119,Pals Of The Saddle,-1,-1
120,Austrian,-1,-1
121,João Da Mata,-1,-1
122,Big Happiness,-1,-1
123,yes,-1,-1
124,New Zealand,-1,-1
125,yes,-1,-1
126,Formula Of Love,-1,-1
127,no,-1,-1
128,Gniazdo,-1,-1
129,no,-1,-1
130,yes,-1,-1
131,Paulo Centurión,-1,-1
132,Ogun State,-1,-1
133,Turn On To Love,-1,-1
134,"The Avenger, Zorro",-1,-1
135,Hot Tamale,-1,-1
136,yes,-1,-1
137,Man Ki Jeet,-1,-1
138,Return To Macon County,-1,-1
139,Looking For Danger,-1,-1
140,Australia,-1,-1
141,Men Suddenly In Love,-1,-1
142,The Bloodsucker Leads The Dance,-1,-1
143,Thomas Rolfe,-1,-1
144,yes,-1,-1
145,Cup-Tie Honeymoon,-1,-1
146,Jim Haynes,-1,-1
147,Viet Nam,-1,-1
148,Nalla Thangal,-1,-1
149,Ahmed III,-1,-1
150,James T. Ronald,-1,-1
151,Canadian,-1,-1
152,Nil Tun Maung,-1,-1
153,yes,-1,-1
154,Un Extraño En La Escalera,-1,-1
155,Donogoo Tonka,-1,-1
156,no,-1,-1
157,He Snoops To Conquer,-1,-1
158,Lydia Flood Jackson,-1,-1
159,yes,-1,-1
160,Baadasssss Cinema,-1,-1
161,Wycliffe Juma,-1,-1
162,"Weston-super-Mare, Somerset",-1,-1
163,C. Maurice Patterson,-1,-1
164,yes,-1,-1
165,Ridley Scott,-1,-1
166,"Pelham, New York",-1,-1
167,Berlin,-1,-1
168,Story From Croatia,-1,-1
169,yes,-1,-1
170,American,-1,-1
171,Marius Mapou,-1,-1
172,Matthew Knox,-1,-1
173,Gulkhan-Eudokia of Georgia,-1,-1
174,yes,-1,-1
175,Michele Morrow,-1,-1
176,Dajan Hashemi,-1,-1
177,Riders Of The Badlands,-1,-1
178,Radmila Savićević,-1,-1
179,Czech,-1,-1
180,Lalengzama Vangchhia,-1,-1
181,Víctor Bó,-1,-1
182,Young Buffalo Bill,-1,-1
183,Dead Man,-1,-1
184,Göttingen,-1,-1
185,Saleh Al-Dawod,-1,-1
186,Keep Away From The Window,-1,-1
187,A Song To Remember,-1,-1
188,Ross Mcmillan,-1,-1
189,New Zealand,-1,-1
190,Prince Nikolaus Wilhelm of Nassau,-1,-1
191,The First Rains Of Spring,-1,-1
192,Königsberg,-1,-1
193,Elizabeth Rees-Williams,-1,-1
194,Return From The Sea,-1,-1
195,American,-1,-1
196,St. John's,-1,-1
197,Scenes From A Gay Marriage,-1,-1
198,Spanish,-1,-1
199,Franz Limmer,-1,-1
200,yes,-1,-1
201,Mimí Lazo,-1,-1
202,Hradec Králové,-1,-1
203,István Görgényi,-1,-1
204,Mikael Judas,-1,-1
205,yes,-1,-1
206,Crime In The Streets,-1,-1
207,Song Of Arizona,-1,-1
208,Gorka Brit,-1,-1
209,The Emperor And His Brother,-1,-1
210,The Carousel Of Death,-1,-1
211,Valparaíso,-1,-1
212,Kraków,-1,-1
213,yes,-1,-1
214,yes,-1,-1
215,Hills Of Kentucky,-1,-1
216,"Sydney, Australia",-1,-1
217,Snehadeepam,-1,-1
218,Norwegian,-1,-1
219,Oregon,-1,-1
220,yes,-1,-1
221,Little Funny Guy,-1,-1
222,Pobočník Jeho Výsosti,-1,-1
223,Birutė,-1,-1
224,"Hersey, Michigan",-1,-1
225,Malabimba – The Malicious Whore,-1,-1
226,Argentina,-1,-1
227,Seeing'S Believing,-1,-1
228,King Von,-1,-1
229,Circus Of Fear,-1,-1
230,Bajo Otro Sol,-1,-1
231,The Girl In 419,-1,-1
232,Girls In White,-1,-1
233,Canadian,-1,-1
234,yes,-1,-1
235,Waiter!,-1,-1
236,Spanish,-1,-1
237,Luxembourgish,-1,-1
238,Käthe von Nagy,-1,-1
239,New Brunswick,-1,-1
240,Walled In,-1,-1
241,Latacunga,-1,-1
242,If You Won A Hundred Million,-1,-1
243,no,-1,-1
244,yes,-1,-1
245,I Learned It From Father,-1,-1
246,New York,-1,-1
247,"Mauban, Quezon",-1,-1
248,no,-1,-1
249,Peabody Conservatory,-1,-1
250,Maureen O'Sullivan,-1,-1
251,1880,-1,-1
252,Jim Edmond,-1,-1
253,Niespotykanie Spokojny Człowiek,-1,-1
254,Stella Í Orlofi,-1,-1
255,Roy Folkman,-1,-1
256,Dimitrovgrad,-1,-1
257,yes,-1,-1
258,Branko Belačić,-1,-1
259,Korea,-1,-1
260,Konrad II the Gray,-1,-1
261,Deadly Little Christmas,-1,-1
262,Paris,-1,-1
263,Cipriano Castro,-1,-1
264,no,-1,-1
265,Joseph Peyré,-1,-1
266,Fougères,-1,-1
267,Memoria Negra,-1,-1
268,The House On The Edge Of The Park,-1,-1
269,yes,-1,-1
270,Käthe von Nagy,-1,-1
271,Colin Will,-1,-1
272,yes,-1,-1
273,My Wife'S Best Friend,-1,-1
274,Buenos Aires,-1,-1
275,A Mother Of Men,-1,-1
276,American,-1,-1
277,Danny Halligan,-1,-1
278,Mirror Game,-1,-1
279,Federal Agent At Large,-1,-1
280,Erling Jensen,-1,-1
281,Unsullied,-1,-1
282,American,-1,-1
283,France,-1,-1
284,John Willie Sutcliffe,-1,-1
285,Movie Days,-1,-1
286,Ikaw Ang Pag-Ibig,-1,-1
287,D-Day The Sixth Of June,-1,-1
288,Ingrith Johnson Deyrup-Olsen,-1,-1
289,Per Amore... Per Magia...,-1,-1
290,I'Ll Be Going Now,-1,-1
291,Pirates Of The Sky,-1,-1
292,Jack Klugman,-1,-1
293,Harry G. Robinson Iii,-1,-1
294,Maureen O'Sullivan,-1,-1
295,Yukon Vengeance,-1,-1
296,Mystery Junction,-1,-1
297,Troilo I de' Rossi,-1,-1
298,Mariners Of The Sky,-1,-1
299,Rome,-1,-1
300,Winter Sleepers,-1,-1
301,no,-1,-1
302,Jaane Jigar,-1,-1
303,no,-1,-1
304,Calling The Tune,-1,-1
305,Queen Of The Mob,-1,-1
306,Spy Of Napoleon,-1,-1
307,yes,-1,-1
308,Seven Deaths In The Cat'S Eye,-1,-1
309,Lodève,-1,-1
310,Liverpool,-1,-1
311,no,-1,-1
312,Woman On The Run: The Lawrencia Bembenek Story,-1,-1
313,The Curtain Falls,-1,-1
314,The Legend Of Hercules,-1,-1
315,I Nuovi Mostri,-1,-1
316,Charles Louis,-1,-1
317,Mülheim an der Ruhr,-1,-1
318,Le Plessis-Bouchard,-1,-1
319,Pensiero D'Amore,-1,-1
320,"Wind, Sky And Diamonds",-1,-1
321,No Path Through Fire,-1,-1
322,London,-1,-1
323,The King And The Chorus Girl,-1,-1
324,no,-1,-1
325,yes,-1,-1
326,Semih Özmert,-1,-1
327,Vedran Rožić,-1,-1
328,yes,-1,-1
329,The Miner'S Daughter,-1,-1
330,Philippines,-1,-1
331,Angel Koritarov,-1,-1
332,University of Virginia,-1,-1
333,Liège,-1,-1
334,Dharti,-1,-1
335,yes,-1,-1
336,British,-1,-1
337,Maureen O'Sullivan,-1,-1
338,La Celle-Saint-Cloud,-1,-1
339,Unione Philharmonic Society,-1,-1
340,yes,-1,-1
341,New Brunswick,-1,-1
342,The Love Charm,-1,-1
343,"Medford, Massachusetts",-1,-1
344,no,-1,-1
345,Clueso,-1,-1
346,Russell L. Blaisdell,-1,-1
347,My Wife'S Best Friend,-1,-1
348,Terror At Tenkiller,-1,-1
349,Tel Aviv University,-1,-1
350,Danièle Delorme,-1,-1
351,Trondheim,-1,-1
352,Dublin,-1,-1
353,yes,-1,-1
354,French,-1,-1
355,America,-1,-1
356,Sandra Nelson,-1,-1
357,Nafija Sarajlić,-1,-1
358,Jules Lederer,-1,-1
359,Lady In A Cage,-1,-1
360,Argentina,-1,-1
361,At Ruedesheimer Castle There Is A Lime Tree,-1,-1
362,no,-1,-1
363,Long Island,-1,-1
364,Andrew Renzullo,-1,-1
365,Academy of Performing Arts in Prague,-1,-1
366,Filipino,-1,-1
367,New York,-1,-1
368,Umayya ibn Abd Shams,-1,-1
369,Life Is Hot In Cracktown,-1,-1
370,French,-1,-1
371,Plaché Příběhy,-1,-1
372,The Lady Takes A Flyer,-1,-1
373,Father And The Boys,-1,-1
374,South Africa,-1,-1
375,Hong Kong,-1,-1
376,Dallas 362,-1,-1
377,The Adventures Of God,-1,-1
378,Adieu Bonaparte,-1,-1
379,yes,-1,-1
380,Thendral Veesum,-1,-1
381,Sofjan Wanandi,-1,-1
382,The Pirate'S Dream,-1,-1
383,The Louts,-1,-1
384,Terror Is A Man,-1,-1
385,Czesław Siekierski,-1,-1
386,French,-1,-1
387,Amelia Lópes O'Neill,-1,-1
388,Canadian Film Centre,-1,-1
389,no,-1,-1
390,Where Are You Going All Naked?,-1,-1
391,Danvers,-1,-1
392,The Crowning Touch,-1,-1
393,A Hero On Horseback,-1,-1
394,Spanish,-1,-1
395,Chuck Stone,-1,-1
396,"Mary Stevens, M.D.",-1,-1
397,Spanish,-1,-1
398,Angel On The Amazon,-1,-1
399,The Story Of A Maid,-1,-1
400,Shawn Lewfatt,-1,-1
401,Alejandro Romualdo,-1,-1
402,Vincent Colyer,-1,-1
403,Florida,-1,-1
404,Viol@,-1,-1
405,yes,-1,-1
406,Peut-Être,-1,-1
407,Abu Dhabi,-1,-1
408,Fun In The Barracks,-1,-1
409,yes,-1,-1
410,Madrid,-1,-1
411,German,-1,-1
412,Bhanumathi Ramakrishna,-1,-1
413,Valdemar II of Denmark,-1,-1
414,Mentioned In Confidence,-1,-1
415,It'S Never Too Late To Mend,-1,-1
416,Count Varenne'S Lover,-1,-1
417,Annie-For-Spite,-1,-1
418,Los Angeles,-1,-1
419,Laurie Rowley,-1,-1
420,The Christine Jorgensen Story,-1,-1
421,Broken Threads,-1,-1
422,Kim Ho,-1,-1
423,The Third Visitor,-1,-1
424,French,-1,-1
425,Pompey,-1,-1
426,Desert Mesa,-1,-1
427,yes,-1,-1
428,Italian,-1,-1
429,"Memphis, Tennessee",-1,-1
430,Picture Brides,-1,-1
431,"Tripp County, South Dakota",-1,-1
432,Phoebe Chapple,-1,-1
433,Viliami Tungī Mailefihi,-1,-1
434,János Damjanich,-1,-1
435,A Quiet Place In The Country,-1,-1
436,Rollo,-1,-1
437,My General'S Women,-1,-1
438,yes,-1,-1
439,Quax In Africa,-1,-1
440,"Montreal, Quebec",-1,-1
441,Moshé Mizrahi,-1,-1
442,Mumbai,-1,-1
443,Amanda Righetti,-1,-1
444,"Harvest: 3,000 Years",-1,-1
445,La Terrazza,-1,-1
446,yes,-1,-1
447,American,-1,-1
448,Cilvēka Bērns,-1,-1
449,Pehla Pehla Pyaar,-1,-1
450,Patel S. I. R.,-1,-1
451,Bronisław Dembowski,-1,-1
452,yes,-1,-1
453,Swansea,-1,-1
454,Beauty And The Bastard,-1,-1
455,They Who Dare,-1,-1
456,yes,-1,-1
457,yes,-1,-1
458,Los Angeles,-1,-1
459,Argentinian,-1,-1
460,Dutch,-1,-1
461,Jean Harlow,-1,-1
462,State University of New York at Purchase,-1,-1
463,Mon Premier Amour,-1,-1
464,Manuel I of Trebizond,-1,-1
465,Bruce Robinson,-1,-1
466,American,-1,-1
467,Eva Funck,-1,-1
468,Carole Matthieu,-1,-1
469,Massachusetts,-1,-1
470,The Jacket,-1,-1
471,Neapolitans In Milan,-1,-1
472,Manhattan,-1,-1
473,Viridiana,-1,-1
474,Chief Guest,-1,-1
475,Norberto Bravo,-1,-1
476,Elberfeld,-1,-1
477,Hamburg,-1,-1
478,Countess Palatine Magdalene Catherine of Zweibrücken,-1,-1
479,A Little Sister Of Everybody,-1,-1
480,The Heart Of A Man,-1,-1
481,American,-1,-1
482,Nouméa,-1,-1
483,"Middletown, Connecticut",-1,-1
484,Ghosts Of Abu Ghraib,-1,-1
485,yes,-1,-1
486,The Assassination Of Trotsky,-1,-1
487,no,-1,-1
488,"Alpine, Texas",-1,-1
489,Doncaster,-1,-1
490,yes,-1,-1
491,Moshé Mizrahi,-1,-1
492,Countess Palatine Magdalene Catherine of Zweibrücken,-1,-1
493,yes,-1,-1
494,Femme Like U (Donne-Moi Ton Corps),-1,-1
495,Denver,-1,-1
496,New York,-1,-1
497,Lebanon,-1,-1
498,yes,-1,-1
499,Squadron No. 5,-1,-1
500,In Bed With Santa,-1,-1
501,U.S.,-1,-1
502,Snapshot Of A Crime,-1,-1
503,American,-1,-1
504,Turn The River,-1,-1
505,Ireland,-1,-1
506,Yesterday'S Guys Used No Arsenic,-1,-1
507,Fougères,-1,-1
508,Springtime In The Rockies,-1,-1
509,Brazilian,-1,-1
510,Craig L. Fuller,-1,-1
511,Davao,-1,-1
512,Cherche Fiancé Tous Frais Payés,-1,-1
513,Raat Aur Din,-1,-1
514,Taxi To Paradise,-1,-1
515,"Orlando, Florida",-1,-1
516,yes,-1,-1
517,Southwark,-1,-1
518,Simon May,-1,-1
519,no,-1,-1
520,no,-1,-1
521,yes,-1,-1
522,Lorella De Luca,-1,-1
523,Nyaung-u Sawrahan,-1,-1
524,Andrea Gonzaga,-1,-1
525,L'Inhumaine,-1,-1
526,Viennese,-1,-1
527,Esterina,-1,-1
528,yes,-1,-1
529,Kovilpatti,-1,-1
530,1264,-1,-1
531,"Akron, Ohio",-1,-1
532,Death Bed: The Bed That Eats,-1,-1
533,Käbi Laretei,-1,-1
534,Tenerife,-1,-1
535,György Enyedi,-1,-1
536,"Sudbury, Ontario",-1,-1
537,Policewala Gunda,-1,-1
538,Mumbai,-1,-1
539,Russellville,-1,-1
540,A Girl'S Folly,-1,-1
541,Canadian,-1,-1
542,"Montreal, Quebec",-1,-1
543,Undercover Blues,-1,-1
544,Ingmar'S Inheritance,-1,-1
545,France,-1,-1
546,Chattanooga,-1,-1
547,yes,-1,-1
548,Bangalore,-1,-1
549,yes,-1,-1
550,Making Babies,-1,-1
551,A Esposa Do Solteiro,-1,-1
552,Hedwig Pringsheim,-1,-1
553,Laughing Heirs,-1,-1
554,"Henry Strutt, 2Nd Baron Belper",-1,-1
555,Newport,-1,-1
556,Autumn Trip,-1,-1
557,Broadway To Cheyenne,-1,-1
558,Charles L. Biedenbach,-1,-1
559,The Hunting Of The Hawk,-1,-1
560,Lucky Jordan,-1,-1
561,Xu Yulan,-1,-1
562,It'S A King,-1,-1
563,October Moon,-1,-1
564,New York,-1,-1
565,The Champion Of Pontresina,-1,-1
566,Nai Roshni,-1,-1
567,26 February 1924,-1,-1
568,Rafael Bardem,-1,-1
569,Yale,-1,-1
570,yes,-1,-1
571,Teton County,-1,-1
572,yes,-1,-1
573,Barcelona,-1,-1
574,A Wrong Way To Love,-1,-1
575,Narcís Ventalló,-1,-1
576,Elvira'S Haunted Hills,-1,-1
577,Hythe,-1,-1
578,Sancho IV of Castile,-1,-1
579,French Fried Vacation 3,-1,-1
580,Bouxwiller,-1,-1
581,no,-1,-1
582,Cergy,-1,-1
583,Figueira,-1,-1
584,"Frederick, Maryland",-1,-1
585,Five Million Look For An Heir,-1,-1
586,Antiochus II Theos,-1,-1
587,yes,-1,-1
588,How Moscha Came Back,-1,-1
589,Dasima,-1,-1
590,yes,-1,-1
591,yes,-1,-1
592,Black Feathers,-1,-1
593,Eberhard of Limburg,-1,-1
594,Jobst of Limburg,-1,-1
595,Premalekha,-1,-1
596,Fugitive Rage,-1,-1
597,Licantén,-1,-1
598,Time Changer,-1,-1
599,"Candida, Woman Of The Year",-1,-1
600,Ampara,-1,-1
601,St. Teresa'S National Secondary School,-1,-1
602,no,-1,-1
603,Turkish,-1,-1
604,"Orlando, Florida",-1,-1
605,Scottish,-1,-1
606,Joseph Ruskin,-1,-1
607,yes,-1,-1
608,Toll Of The Desert,-1,-1
609,yes,-1,-1
610,The World'S Champion,-1,-1
611,Christine of Hesse,-1,-1
612,Italian,-1,-1
613,English,-1,-1
614,Bluebeard'S Ten Honeymoons,-1,-1
615,Life As It Comes,-1,-1
616,Kujō Michiie,-1,-1
617,John II,-1,-1
618,Dařbuján A Pandrhola,-1,-1
619,Ask A Policeman,-1,-1
620,Brooklyn,-1,-1
621,Justo Mullor García,-1,-1
622,Eleanor of Provence,-1,-1
623,Did A Good Man Die?,-1,-1
624,Chavakkad,-1,-1
625,University of Wisconsin,-1,-1
626,Man From Plains,-1,-1
627,Alain Poiré,-1,-1
628,Sweepings,-1,-1
629,Calcutta,-1,-1
630,Kankan,-1,-1
631,no,-1,-1
632,De As,-1,-1
633,3.2.1.,-1,-1
634,Pomigliano d'Arco,-1,-1
635,Lindsay'S Boy,-1,-1
636,Walterina Markova,-1,-1
637,Santiago del Estero,-1,-1
638,yes,-1,-1
639,Bouxwiller,-1,-1
640,Gordon Of Ghost City,-1,-1
641,King Xiang of Wei,-1,-1
642,Theni,-1,-1
643,The Man In Grey,-1,-1
644,Ceawlin of Wessex,-1,-1
645,Mongkut,-1,-1
646,no,-1,-1
647,Iran,-1,-1
648,Grand Prix de Rome,-1,-1
649,New York,-1,-1
650,Roswolsky'S Mistress,-1,-1
651,Argentine,-1,-1
652,Jitender Singh Shunty,-1,-1
653,Partners Three,-1,-1
654,American,-1,-1
655,"American Airlines Group, Inc.",-1,-1
656,no,-1,-1
657,Porterville,-1,-1
658,"St. Thomas College, Thrissur",-1,-1
659,The Decline And Fall Of Heavenly,-1,-1
660,Jayavarman I,-1,-1
661,Thomas Methuen,-1,-1
662,Saint Louis,-1,-1
663,American Academy of Dramatic Arts,-1,-1
664,Abhimaanam,-1,-1
665,David Feintuch,-1,-1
666,The Tango Of Our Childhood,-1,-1
667,Valparaíso,-1,-1
668,"Hamburg, Germany",-1,-1
669,Our Crazy Aunts,-1,-1
670,Warsaw,-1,-1
671,no,-1,-1
672,Spooks And Spirits,-1,-1
673,Dallas,-1,-1
674,yes,-1,-1
675,Graz,-1,-1
676,"Hamburg, Germany",-1,-1
677,Balyasakhi,-1,-1
678,York University,-1,-1
679,Chinese,-1,-1
680,"Memphis, Tennessee",-1,-1
681,Đuka Begović,-1,-1
682,Sobhuza II,-1,-1
683,Bettler Gmbh,-1,-1
684,Capodimonte,-1,-1
685,Kamal Sadanah,-1,-1
686,The Future Of Emily,-1,-1
687,yes,-1,-1
688,Jeong Hyeon-Mo,-1,-1
689,Venice,-1,-1
690,British,-1,-1
691,The 7Th Hunt,-1,-1
692,Flaín Muñoz,-1,-1
693,no,-1,-1
694,Brahima Cissé,-1,-1
695,University of Missouri,-1,-1
696,"Hamburg, Germany",-1,-1
697,"May 25, 1898",-1,-1
698,no,-1,-1
699,Parkinson,-1,-1
700,Annelise Hovmand,-1,-1
701,El Amor Y El Espanto,-1,-1
702,Life'S Greatest Game,-1,-1
703,Dietrich I of Isenberg,-1,-1
704,Admir Velagić,-1,-1
705,Westminster,-1,-1
706,Je Vous Aime,-1,-1
707,French,-1,-1
708,Mahallada Duv-Duv Gap,-1,-1
709,"Newbury, Berkshire",-1,-1
710,yes,-1,-1
711,"Memphis, Tennessee",-1,-1
712,Paris,-1,-1
713,"Palm Springs, California",-1,-1
714,Whiffs,-1,-1
715,Sirwan Kakai,-1,-1
716,Paris,-1,-1
717,Philippines,-1,-1
718,Arcadia,-1,-1
719,Diana Barrymore,-1,-1
720,Annelise Hovmand,-1,-1
721,"Toronto, Ontario",-1,-1
722,yes,-1,-1
723,Margaret Douglas,-1,-1
724,Rome,-1,-1
725,United States,-1,-1
726,Karakolda Ayna Var,-1,-1
727,Brazilian,-1,-1
728,"Mystery, Alaska",-1,-1
729,yes,-1,-1
730,London,-1,-1
731,Claude Rains,-1,-1
732,New York,-1,-1
733,What A Day,-1,-1
734,Jessica Yatrofsky,-1,-1
735,Indiana,-1,-1
736,Valparaíso,-1,-1
737,Hong Kong,-1,-1
738,Song O' My Heart,-1,-1
739,Last Of The Warrens,-1,-1
740,Raleigh,-1,-1
741,Institut d'études politiques de Paris,-1,-1
742,Le Plessis-Bouchard,-1,-1
743,L.A.,-1,-1
744,Aansoo Ban Gaye Phool,-1,-1
745,Tribute To The Teachers,-1,-1
746,The Lunatic At Large,-1,-1
747,yes,-1,-1
748,Wallace Thayer,-1,-1
749,"Claude of Lorraine, duke of Guise",-1,-1
750,Young And Dangerous,-1,-1
751,Akkara Paha,-1,-1
752,"Abbye ""Pudgy"" Stockton",-1,-1
753,Sophia of Rheineck,-1,-1
754,Imperial College,-1,-1
755,Asaad Abu Gilel Al-Taie,-1,-1
756,India,-1,-1
757,Dramatiska Institutet,-1,-1
758,Patnam Vachina Pativrathalu,-1,-1
759,Santa Claus Is A Stinker,-1,-1
760,Mommy Is At The Hairdresser'S,-1,-1
761,Goldilocks And The Jivin' Bears,-1,-1
762,yes,-1,-1
763,Yardena Alotin,-1,-1
764,Alla Luce Del Sole,-1,-1
765,Insaciable,-1,-1
766,Tears Of April,-1,-1
767,Cheppave Chirugali,-1,-1
768,Lafayette,-1,-1
769,Slaviča Kundačina,-1,-1
770,Count Varenne'S Lover,-1,-1
771,Target Zero,-1,-1
772,The Queen Of The Night,-1,-1
773,Duchy of Saxe-Gotha-Altenburg,-1,-1
774,Sam'S Boy,-1,-1
775,yes,-1,-1
776,Maureen O'Sullivan,-1,-1
777,The Outside Woman,-1,-1
778,Richmond,-1,-1
779,William James Linton,-1,-1
780,Free Guy,-1,-1
781,21 September 1706,-1,-1
782,Gura Humorului,-1,-1
783,Blackbeard The Pirate,-1,-1
784,Alessandria,-1,-1
785,Say One For Me,-1,-1
786,Solothurn,-1,-1
787,Erica Udén Johansson,-1,-1
788,yes,-1,-1
789,"Saginaw, Michigan",-1,-1
790,"Carmen, Baby",-1,-1
791,Vasantha Raagam,-1,-1
792,Vidya Vikas Institute of Engineering & Technology (VVIET),-1,-1
793,"Princess Madeleine, Duchess of Hälsingland and Gästrikland",-1,-1
794,Night Life In Reno,-1,-1
795,Mongkut,-1,-1
796,no,-1,-1
797,Polish,-1,-1
798,Agafia of Rus,-1,-1
799,yes,-1,-1
800,"Atlanta, Georgia",-1,-1
801,Man'S Castle,-1,-1
802,Capek'S Tales,-1,-1
803,yes,-1,-1
804,That Woman,-1,-1
805,"Prince Thomas, Duke of Genoa",-1,-1
806,American,-1,-1
807,American,-1,-1
808,yes,-1,-1
809,Munich,-1,-1
810,yes,-1,-1
811,Week-End In Havana,-1,-1
812,Calgary,-1,-1
813,Stanford,-1,-1
814,Layneker Zafra,-1,-1
815,Münchner,-1,-1
816,Palos Verdes,-1,-1
817,Karnataka,-1,-1
818,Perm,-1,-1
819,Rene Röthke,-1,-1
820,Le Périscope,-1,-1
821,yes,-1,-1
822,French,-1,-1
823,Big Man On Campus,-1,-1
824,Campbell Scott,-1,-1
825,Secret Svensson,-1,-1
826,Ashad Ali,-1,-1
827,yes,-1,-1
828,"Toronto, Ontario",-1,-1
829,Indonesian,-1,-1
830,Lee Kang-Sheng,-1,-1
831,21 April 1375,-1,-1
832,"Saint Paul, Minnesota",-1,-1
833,Paul of Greece,-1,-1
834,Lyudmyla Olyanovska,-1,-1
835,Times Of Joy And Sorrow,-1,-1
836,Richard Westmacott (The Younger),-1,-1
837,Bogotá,-1,-1
838,Two Hearts In Waltz Time,-1,-1
839,Teofila Ludwika Zasławska,-1,-1
840,yes,-1,-1
841,Chinese,-1,-1
842,"July 1, 1943",-1,-1
843,Munich,-1,-1
844,Le Roi Des Champs-Élysées,-1,-1
845,All The Sins Of The Earth,-1,-1
846,"Palm Springs, California",-1,-1
847,"Heads I Win, Tails You Lose",-1,-1
848,Poland,-1,-1
849,Hungarian,-1,-1
850,Kreuth,-1,-1
851,Urraca of Castile,-1,-1
852,National Film and Television School,-1,-1
853,Alfred Newton Richards,-1,-1
854,Jovita Carranza,-1,-1
855,New York,-1,-1
856,Adventures Of Kitty O'Day,-1,-1
857,He Who Rides A Tiger,-1,-1
858,National Film School in Łódź,-1,-1
859,CalArts,-1,-1
860,Alfta parish,-1,-1
861,Sven-Ole Thorsen,-1,-1
862,"Santa Barbara, California",-1,-1
863,Salonica,-1,-1
864,Iniyum Puzhayozhukum,-1,-1
865,Marock,-1,-1
866,Alexander Nevsky Lavra,-1,-1
867,Taos,-1,-1
868,The Souvenir Part Ii,-1,-1
869,yes,-1,-1
870,Requiem For A Dream,-1,-1
871,Swaroopa,-1,-1
872,no,-1,-1
873,Clay Campbell,-1,-1
874,1 August 1936,-1,-1
875,Robert Rylands' Last Journey,-1,-1
876,San Ferdinando di Puglia,-1,-1
877,"Harlan, Iowa",-1,-1
878,Buenos Aires,-1,-1
879,The Motorist Bride,-1,-1
880,Swinburne,-1,-1
881,The King Is The Best Mayor,-1,-1
882,Buenos Aires,-1,-1
883,Toni Blankenheim,-1,-1
884,New York Nights,-1,-1
885,Ma And Pa Kettle Go To Town,-1,-1
886,Under The Lantern,-1,-1
887,Reykjavík,-1,-1
888,Greater Cincinnati Airport,-1,-1
889,Love Yoou Soniye,-1,-1
890,France,-1,-1
891,When Love Sets The Fashion,-1,-1
892,yes,-1,-1
893,"Adalbert I, Margrave of Tuscany",-1,-1
894,yes,-1,-1
895,Institut des hautes études cinématographiques,-1,-1
896,Fear Over The City,-1,-1
897,Kandukondain Kandukondain,-1,-1
898,Olof Skötkonung,-1,-1
899,A Touch Of Zen,-1,-1
900,Lisa O'Keefe,-1,-1
901,Race With The Devil,-1,-1
902,German,-1,-1
903,Bombay Calling,-1,-1
904,Bernardo Freitas,-1,-1
905,1127,-1,-1
906,Israeli,-1,-1
907,British,-1,-1
908,Köpekler Adası,-1,-1
909,The Woman In 47,-1,-1
910,Roman,-1,-1
911,"George Beresford, 1st Marquess of Waterford",-1,-1
912,Canadian,-1,-1
913,Gaut,-1,-1
914,And Who Is Kissing Me?,-1,-1
915,Mysore,-1,-1
916,no,-1,-1
917,Tamil,-1,-1
918,São Paulo,-1,-1
919,New York,-1,-1
920,Saxony,-1,-1
921,Long Island,-1,-1
922,Queen Janggyeong,-1,-1
923,Showdown At Boot Hill,-1,-1
924,The Walls Of Hell,-1,-1
925,Mercadet,-1,-1
926,Badhti Ka Naam Dadhi,-1,-1
927,Detroit,-1,-1
928,Kalkar,-1,-1
929,yes,-1,-1
930,Anders Lundqvist,-1,-1
931,Dutch,-1,-1
932,yes,-1,-1
933,Pōmare IV,-1,-1
934,Back On My B.S.,-1,-1
935,Oslo,-1,-1
936,Banditi Di Praga,-1,-1
937,Haiducii Lui Șaptecai,-1,-1
938,Austrian,-1,-1
939,"Frederick Francis I, Grand Duke of Mecklenburg-Schwerin",-1,-1
940,no,-1,-1
941,This Love Of Ours,-1,-1
942,"April 16, 1888",-1,-1
943,Haris Bashir,-1,-1
944,Ona Munson,-1,-1
945,Hiawanda'S Cross,-1,-1
946,Talk Of The Devil,-1,-1
947,"Tucson, Arizona",-1,-1
948,Columbia Broadcasting System,-1,-1
949,no,-1,-1
950,Captain Eddie,-1,-1
951,Montreuil,-1,-1
952,James B. Harris,-1,-1
953,Canada,-1,-1
954,Frederick VIII of Denmark,-1,-1
955,Maalgudi Days,-1,-1
956,Lakshadweep,-1,-1
957,Zainol Fadzi Paharudin,-1,-1
958,Genevan,-1,-1
959,Béziers,-1,-1
960,Grethe Rottböll,-1,-1
961,Tangled Destinies,-1,-1
962,Seeds Of Hope: Hiv/Aids In Ethiopia,-1,-1
963,Zhang Mengying,-1,-1
964,Release The Prisoners To Spring,-1,-1
965,Elberfeld,-1,-1
966,Hong Kong Baptist College,-1,-1
967,Graves Without A Name,-1,-1
968,Argentine,-1,-1
969,Andrea Ghisi,-1,-1
970,The Vengeance Of Ursus,-1,-1
971,"Toronto, Ontario",-1,-1
972,Crossing Delancey,-1,-1
973,Saarbrücken,-1,-1
974,São Paulo,-1,-1
975,no,-1,-1
976,The Nymph,-1,-1
977,Apne,-1,-1
978,Ernst von Weizsäcker,-1,-1
979,"Mieszko I, Duke of Cieszyn",-1,-1
980,Canadian,-1,-1
981,Mira Sorvino,-1,-1
982,Pepe Hern,-1,-1
983,"Galveston, Texas",-1,-1
984,yes,-1,-1
985,"Princess Madeleine, Duchess of Hälsingland and Gästrikland",-1,-1
986,A Husband For Anna,-1,-1
987,Death On The Set,-1,-1
988,Palm Desert,-1,-1
989,Emine Hatun,-1,-1
990,Princess Augusta of Schwarzburg-Sondershausen,-1,-1
991,Berkeley In The Sixties,-1,-1
992,Theodore Eustace,-1,-1
993,Pájaro Loco,-1,-1
994,Not For Publication,-1,-1
995,Tip Top Tailors,-1,-1
996,7 May 1972,-1,-1
997,Lakshadweep,-1,-1
998,Enrique Guzmán,-1,-1
999,La Casa Stregata,-1,-1
1000,Italy,-1,-1
1001,A Cuban In Spain,-1,-1
1002,Death For Sale,-1,-1
1003,14 September 1927,-1,-1
1004,Toronto,-1,-1
1005,Germany,-1,-1
1006,Andrzeja Górska,-1,-1
1007,The Harrad Experiment,-1,-1
1008,Ezgjan Alioski,-1,-1
1009,Pantheon,-1,-1
1010,Alice K. Bache,-1,-1
1011,Germany,-1,-1
1012,L'Ultimo Amante,-1,-1
1013,Grammy,-1,-1
1014,Quantum Hoops,-1,-1
1015,Stanisław Leszczyński,-1,-1
1016,The Raggedy Rawney,-1,-1
1017,Parkinson,-1,-1
1018,Scratch And Crow,-1,-1
1019,Gülçiçek Hatun,-1,-1
1020,Palmilla,-1,-1
1021,Gmunden,-1,-1
1022,The King'S Thief,-1,-1
1023,Mostar Round-Trip,-1,-1
1024,Erode,-1,-1
1025,Because They'Re Young,-1,-1
1026,Marburg,-1,-1
1027,Song Of The Phoenix,-1,-1
1028,yes,-1,-1
1029,30 March 1774,-1,-1
1030,"Flint, Michigan",-1,-1
1031,Cambridge,-1,-1
1032,yes,-1,-1
1033,Gura Humorului,-1,-1
1034,Violent Saturday,-1,-1
1035,Night Boat To Dublin,-1,-1
1036,Halldóra Eldjárn,-1,-1
1037,Mississauga,-1,-1
1038,Brussels,-1,-1
1039,1 October 1895,-1,-1
1040,Anmol Tasveer,-1,-1
1041,no,-1,-1
1042,British,-1,-1
1043,Crockett Johnson,-1,-1
1044,Rēzekne,-1,-1
1045,Morocco,-1,-1
1046,yes,-1,-1
1047,Colorado,-1,-1
1048,Junior Ponce,-1,-1
1049,Félix De Blochausen,-1,-1
1050,"Bernhard II, Prince of Anhalt-Bernburg",-1,-1
1051,Ewell Castle School,-1,-1
1052,Brunswick,-1,-1
1053,Kati Patang,-1,-1
1054,Willem Van Haecht,-1,-1
1055,A Summer'S Tale,-1,-1
1056,yes,-1,-1
1057,Diez Canciones De Gardel,-1,-1
1058,Hubert Mordek,-1,-1
1059,Waldorf University,-1,-1
1060,Haworth,-1,-1
1061,"Indianapolis, Indiana",-1,-1
1062,"September 11, 1765",-1,-1
1063,Giovanni Matteo Mario,-1,-1
1064,Aregund,-1,-1
1065,Aleksander Ostrogski,-1,-1
1066,Going Hollywood,-1,-1
1067,The Tarantula,-1,-1
1068,Gambling On The High Seas,-1,-1
1069,His Name Is Sukhe-Bator,-1,-1
1070,Member of the Order of Canada,-1,-1
1071,Wiesław Perszke,-1,-1
1072,Mister Scarface,-1,-1
1073,1945,-1,-1
1074,Duke Louis of Württemberg,-1,-1
1075,"Méfiez-Vous, Mesdames",-1,-1
1076,yes,-1,-1
1077,yes,-1,-1
1078,United States,-1,-1
1079,"Houston, Texas",-1,-1
1080,"On A Day Of Ordinary Violence, My Friend Michel Seurat...",-1,-1
1081,8 August 1788,-1,-1
1082,Weston Park,-1,-1
1083,Booksmart,-1,-1
1084,yes,-1,-1
1085,Brighton,-1,-1
1086,A Sangre Fría,-1,-1
1087,"Houston, Texas",-1,-1
1088,"Marcos Antônio De Araújo, 2Nd Baron Of Itajubá",-1,-1
1089,2 July 1953,-1,-1
1090,yes,-1,-1
1091,Oslo,-1,-1
1092,yes,-1,-1
1093,Henriette of Nassau-Weilburg,-1,-1
1094,People's Artist of the RSFSR,-1,-1
1095,Leonel Maciel,-1,-1
1096,Louise of Mecklenburg-Strelitz,-1,-1
1097,West Sussex,-1,-1
1098,"Ernest, Duke of Bavaria",-1,-1
1099,Soestdijk Palace,-1,-1
1100,Pforzheim,-1,-1
1101,Family Herald,-1,-1
1102,Rajendra Rajya Lakshmi Devi,-1,-1
1103,Arthur 2: On The Rocks,-1,-1
1104,B. V. Radha,-1,-1
1105,My Baby'S Daddy,-1,-1
1106,The Surgeon'S Knife,-1,-1
1107,West Sussex,-1,-1
1108,Gülçiçek Hatun,-1,-1
1109,yes,-1,-1
1110,Flame Of Stamboul,-1,-1
1111,yes,-1,-1
1112,Baltimore,-1,-1
1113,Wawel Cathedral,-1,-1
1114,27 June 1441,-1,-1
1115,Castejón,-1,-1
1116,First Cemetery of Athens,-1,-1
1117,Karin Molander,-1,-1
1118,Sir Michael Stanhope,-1,-1
1119,Ecuadorian,-1,-1
1120,An Ancient Tale: When The Sun Was A God,-1,-1
1121,Lee Kyung-Hwan,-1,-1
1122,The Students Of Springfield Street,-1,-1
1123,Hōjō Saneyasu,-1,-1
1124,Stephen De Staebler,-1,-1
1125,First-Year Student,-1,-1
1126,Nevele,-1,-1
1127,London,-1,-1
1128,Evelyn Künneke,-1,-1
1129,Orenburg,-1,-1
1130,La Belle Américaine,-1,-1
1131,Somerset,-1,-1
1132,Nice,-1,-1
1133,Marie Casimire Louise de La Grange d'Arquien,-1,-1
1134,The Babe,-1,-1
1135,Bad Moon,-1,-1
1136,Johann of Isenberg-Limburg,-1,-1
1137,"The Actress, The Dollars And The Transylvanians",-1,-1
1138,Mayrig,-1,-1
1139,Young Sinners,-1,-1
1140,Leopold IV,-1,-1
1141,Ek Haseena Thi Ek Deewana Tha,-1,-1
1142,The Queen'S Secretary,-1,-1
1143,Greenville,-1,-1
1144,Duel Of Champions,-1,-1
1145,Pakistan,-1,-1
1146,The House On 92Nd Street,-1,-1
1147,Sorghaghtani Beki,-1,-1
1148,Elisa & Marcela,-1,-1
1149,Mum'S Guest,-1,-1
1150,Maria Feodorovna,-1,-1
1151,Ruler Of The Road,-1,-1
1152,People Of No Importance,-1,-1
1153,Giovanni Matteo Mario,-1,-1
1154,yes,-1,-1
1155,Elizabeth Wood-Ellem,-1,-1
1156,Film and Television Institute of India,-1,-1
1157,Trịnh Bính,-1,-1
1158,Del Cuplé Al Tango,-1,-1
1159,2007,-1,-1
1160,American,-1,-1
1161,18 October 1691,-1,-1
1162,House Of Mortal Sin,-1,-1
1163,The Caper Of The Golden Bulls,-1,-1
1164,Princess Henriette Adelaide of Savoy,-1,-1
1165,France,-1,-1
1166,Spoilers Of The West,-1,-1
1167,19 February 1992,-1,-1
1168,8 Million Ways To Die,-1,-1
1169,Croatian,-1,-1
1170,Borrowed Hero,-1,-1
1171,Cressi-Sub,-1,-1
1172,Howard Purcell,-1,-1
1173,Hedwig of Münsterberg-Oels,-1,-1
1174,Peter IV Rareș,-1,-1
1175,United Kingdom,-1,-1
1176,Bullets For O'Hara,-1,-1
1177,Juilliard,-1,-1
1178,Rocking Moon,-1,-1
1179,English,-1,-1
1180,1322,-1,-1
1181,Demolition University,-1,-1
1182,Hugobert,-1,-1
1183,Hollywood,-1,-1
1184,Brooks Orpik,-1,-1
1185,Vosges,-1,-1
1186,Edgar Award,-1,-1
1187,yes,-1,-1
1188,Munich,-1,-1
1189,Louise d'Aumont,-1,-1
1190,Wangdue Phodrang,-1,-1
1191,The Commuters,-1,-1
1192,"Frederick VIII, Duke of Schleswig-Holstein",-1,-1
1193,Hollywood,-1,-1
1194,Illinois,-1,-1
1195,New York,-1,-1
1196,Chenies,-1,-1
1197,Diary For My Mother And Father,-1,-1
1198,"Lodi, New Jersey",-1,-1
1199,A Lizard In A Woman'S Skin,-1,-1
1200,Lady Margaret Beaufort,-1,-1
1201,John of Gravina,-1,-1
1202,6 May 1437,-1,-1
1203,no,-1,-1
1204,"October 20, 1952",-1,-1
1205,"Bolesław II, Duke of Cieszyn",-1,-1
1206,Lecce,-1,-1
1207,Georgia O'Keeffe,-1,-1
1208,The Last Days Of Frank And Jesse James,-1,-1
1209,5 År – Som Vi Så Dem,-1,-1
1210,Cadillac Man,-1,-1
1211,Bombay,-1,-1
1212,Namita D'Souza,-1,-1
1213,Where The Dead Go To Die,-1,-1
1214,Coswig,-1,-1
1215,19 November 1597,-1,-1
1216,Satan'S Cheerleaders,-1,-1
1217,A Summer'S Tale,-1,-1
1218,"Magnus II, Duke of Brunswick-Lüneburg",-1,-1
1219,Elisabeth of Hesse-Marburg,-1,-1
1220,yes,-1,-1
1221,Lomas de Zamora,-1,-1
1222,"Newport, Wales",-1,-1
1223,Celine: Through The Eyes Of The World,-1,-1
1224,Chinese In Paris,-1,-1
1225,Hollywood,-1,-1
1226,Vienna,-1,-1
1227,yes,-1,-1
1228,Parkinson,-1,-1
1229,Vänersborg,-1,-1
1230,William Cochrane,-1,-1
1231,"Siemowit III, Duke of Masovia",-1,-1
1232,Østre Toten,-1,-1
1233,Capek'S Tales,-1,-1
1234,Leopoldo Torres Ríos,-1,-1
1235,Filippo Strozzi the Younger,-1,-1
1236,Fearless Nadia,-1,-1
1237,Patrick Janvier,-1,-1
1238,Jeepers Creepers 2,-1,-1
1239,Hit Parade Of 1947,-1,-1
1240,yes,-1,-1
1241,The Pistol: The Birth Of A Legend,-1,-1
1242,Taichang,-1,-1
1243,Marie d'Évreux,-1,-1
1244,30 June 1963,-1,-1
1245,Theresa: The Body Of Christ,-1,-1
1246,Wimbledon,-1,-1
1247,Love In Bangalore,-1,-1
1248,no,-1,-1
1249,Donga Ramudu,-1,-1
1250,Life Is A Long Quiet River,-1,-1
1251,Viktoriya Zeynep Güneş,-1,-1
1252,yes,-1,-1
1253,Maria Beatrice of Savoy,-1,-1
1254,"Spokane, Washington",-1,-1
1255,Murder By Proxy,-1,-1
1256,China,-1,-1
1257,Naples,-1,-1
1258,Daeng Chelak,-1,-1
1259,Outcasts Of The Trail,-1,-1
1260,Santo Amaro,-1,-1
1261,Southern Germany,-1,-1
1262,Road To Istanbul,-1,-1
1263,Brisbane,-1,-1
1264,"Philippe François, 1st Duke of Arenberg",-1,-1
1265,Harvard Medical School,-1,-1
1266,Halle,-1,-1
1267,"Louis de Luxembourg, Count of Saint-Pol",-1,-1
1268,Operación Rosa Rosa,-1,-1
1269,Istanbul,-1,-1
1270,Dominican Republic,-1,-1
1271,no,-1,-1
1272,Skövde,-1,-1
1273,Delhi,-1,-1
1274,"Spy Today, Die Tomorrow",-1,-1
1275,Ramon Berenguer IV,-1,-1
1276,Alle Gaar Rundt Og Forelsker Sig,-1,-1
1277,The Damned United,-1,-1
1278,Västerås,-1,-1
1279,"Hugh de Stafford, 2nd Earl of Stafford",-1,-1
1280,16 November 1606,-1,-1
1281,Terror Of The Steppes,-1,-1
1282,Salzburg,-1,-1
1283,Jacknife,-1,-1
1284,Johannes Falkenberg,-1,-1
1285,Rose Of The Yukon,-1,-1
1286,Great Britain,-1,-1
1287,Poland,-1,-1
1288,Filmfare Award,-1,-1
1289,13 April 1930,-1,-1
1290,August Körling,-1,-1
1291,yes,-1,-1
1292,Rattle Of A Simple Man,-1,-1
1293,Cary Devall Langhorne,-1,-1
1294,Kalkar,-1,-1
1295,Khizr Khoja,-1,-1
1296,"April 17, 1947",-1,-1
1297,yes,-1,-1
1298,Charles Louis,-1,-1
1299,1865,-1,-1
1300,Saeed Nafisi,-1,-1
1301,"Prince Edward, Duke of Kent",-1,-1
1302,Catherine of Saxe-Lauenburg,-1,-1
1303,Darius II,-1,-1
1304,City and Islington College,-1,-1
1305,Žatec,-1,-1
1306,Doa: Dead Or Alive,-1,-1
1307,Trucker'S Woman,-1,-1
1308,Max Bruch,-1,-1
1309,Urraca of León,-1,-1
1310,yes,-1,-1
1311,Carlos Reyté,-1,-1
1312,"Sir Matthew Deane, 3rd Baronet",-1,-1
1313,25 June 1304,-1,-1
1314,yes,-1,-1
1315,Leaves From Satan'S Book,-1,-1
1316,Heinz In The Moon,-1,-1
1317,Emmy Of Stork'S Nest,-1,-1
1318,High School Musical: El Desafío,-1,-1
1319,yes,-1,-1
1320,Traces Of An Amorous Life,-1,-1
1321,Munich,-1,-1
1322,Szczodre,-1,-1
1323,no,-1,-1
1324,The Ghost That Never Returns,-1,-1
1325,"Honoré IV, Prince of Monaco",-1,-1
1326,Hollywood,-1,-1
1327,United States,-1,-1
1328,Rathimanmadhan,-1,-1
1329,The Story Of Gilbert And Sullivan,-1,-1
1330,1433,-1,-1
1331,Irish,-1,-1
1332,Nørresundby,-1,-1
1333,"Pocholo, Pichuca Y Yo",-1,-1
1334,Mecca,-1,-1
1335,The Best Of Celly Cel,-1,-1
1336,Aldri Annet Enn Bråk,-1,-1
1337,University of Leipzig,-1,-1
1338,Fritz Rustad,-1,-1
1339,Petworth House,-1,-1
1340,George Cressman,-1,-1
1341,Agnes of Périgord,-1,-1
1342,New Zealand,-1,-1
1343,19 May 1810,-1,-1
1344,Cahiers du cinéma,-1,-1
1345,The Shepherd Lassie Of Argyle,-1,-1
1346,On The Riviera,-1,-1
1347,Barcelona,-1,-1
1348,Kingdom of Portugal,-1,-1
1349,Vidya Vikas Institute of Engineering & Technology (VVIET),-1,-1
1350,Captain Andrew William Kerr,-1,-1
1351,A Soldier'S Oath,-1,-1
1352,"Taal, Batangas",-1,-1
1353,Harvard,-1,-1
1354,Chicoutimi,-1,-1
1355,Dutch,-1,-1
1356,no,-1,-1
1357,Nájera,-1,-1
1358,Pisa,-1,-1
1359,Hombisilu,-1,-1
1360,"Joan de Geneville, 2nd Baroness Geneville",-1,-1
1361,"Our Friends, The Hayseeds",-1,-1
1362,Schneeland,-1,-1
1363,Genius Grant,-1,-1
1364,August Söderman,-1,-1
1365,P. K. Abdul Aziz,-1,-1
1366,Washington,-1,-1
1367,Swayamkrushi,-1,-1
1368,Kuressaare,-1,-1
1369,17 July 1070,-1,-1
1370,Westwood Village Memorial Park Cemetery,-1,-1
1371,Sigmaringen,-1,-1
1372,Some Kind Of Life,-1,-1
1373,Melisende of Crécy,-1,-1
1374,United States,-1,-1
1375,30 Days In Atlanta,-1,-1
1376,Munich,-1,-1
1377,no,-1,-1
1378,Annie From Tharau,-1,-1
1379,no,-1,-1
1380,Esparza,-1,-1
1381,United States,-1,-1
1382,Sarah Sutherland,-1,-1
1383,Zbigniew Brzezinski,-1,-1
1384,"John II, Prince of Anhalt-Zerbst",-1,-1
1385,Cape Breton Island,-1,-1
1386,German,-1,-1
1387,Lomawa Ndwandwe,-1,-1
1388,11 April 1382,-1,-1
1389,Ven Mi Corazón Te Llama,-1,-1
1390,Countess Palatine Margaret of Mosbach,-1,-1
1391,Efva Attling,-1,-1
1392,Eleanor Of Lancaster,-1,-1
1393,"Prince Ferdinand Philippe, Duke of Orléans",-1,-1
1394,National Artist of the Philippines,-1,-1
1395,yes,-1,-1
1396,Cahiers du cinéma,-1,-1
1397,Naci Öğün,-1,-1
1398,Frank Liddell,-1,-1
1399,Ferdinand II of the Two Sicilies,-1,-1
1400,"S.P.Q.R.: 2,000 And A Half Years Ago",-1,-1
1401,French,-1,-1
1402,Divorce In Montevideo,-1,-1
1403,Maria Feodorovna,-1,-1
1404,Hong Kong Film Award for Best Director,-1,-1
1405,Sancho Ramírez,-1,-1
1406,Italy,-1,-1
1407,Margaret of Hanau-Lichtenberg,-1,-1
1408,1941,-1,-1
1409,Leeuwarden,-1,-1
1410,One Day In The Life Of Andrei Arsenevich,-1,-1
1411,Wales,-1,-1
1412,yes,-1,-1
1413,Meresankh II,-1,-1
1414,yes,-1,-1
1415,Salad By The Roots,-1,-1
1416,"Hazleton, Pennsylvania",-1,-1
1417,Leif Kristian Nestvold-Haugen,-1,-1
1418,"Anne Russell, Countess Of Bedford",-1,-1
1419,Winnetka,-1,-1
1420,Le Donk & Scor-Zay-Zee,-1,-1
1421,Villupuram,-1,-1
1422,Spaceways,-1,-1
1423,Aryeh Ben-Eliezer,-1,-1
1424,yes,-1,-1
1425,6 April 1362,-1,-1
1426,They Came To Blow Up America,-1,-1
1427,no,-1,-1
1428,"Aloha, Bobby And Rose",-1,-1
1429,The Whole Shootin' Match,-1,-1
1430,Grand Duchess Maria Kirillovna of Russia,-1,-1
1431,Joseph Fielding Smith,-1,-1
1432,Sasaram,-1,-1
1433,6 November 1920,-1,-1
1434,"Charles Paulet, 1st Duke of Bolton",-1,-1
1435,United States,-1,-1
1436,18 November 1349,-1,-1
1437,Merton Russell-Cotes,-1,-1
1438,20 September 1817,-1,-1
1439,Maria Newell,-1,-1
1440,7 March 1772,-1,-1
1441,Monster On The Campus,-1,-1
1442,Romance In A Minor Key,-1,-1
1443,yes,-1,-1
1444,Mike Senese,-1,-1
1445,Rome,-1,-1
1446,The Law And The Woman,-1,-1
1447,Don'T Freak Me Out,-1,-1
1448,"William Bruce, 8th Earl of Kincardine",-1,-1
1449,Dance Raja Dance,-1,-1
1450,Norway,-1,-1
1451,Her Husband'S Affairs,-1,-1
1452,Brooklyn'S Finest,-1,-1
1453,Santiago,-1,-1
1454,Ferdinand II of the Two Sicilies,-1,-1
1455,Amman,-1,-1
1456,Beji Caid Essebsi,-1,-1
1457,God'S Gift To Women,-1,-1
1458,Wild Boys Of The Road,-1,-1
1459,"Grips, Grunts And Groans",-1,-1
1460,1934,-1,-1
1461,Trump Organization,-1,-1
1462,1 October 1993,-1,-1
1463,yes,-1,-1
1464,London,-1,-1
1465,no,-1,-1
1466,John Beach,-1,-1
1467,Alkohol,-1,-1
1468,no,-1,-1
1469,Goldman,-1,-1
1470,"Los Angeles, California",-1,-1
1471,Rudolf Hausner,-1,-1
1472,But Not In Vain,-1,-1
1473,La Quintrala,-1,-1
1474,Venky,-1,-1
1475,American Hustle,-1,-1
1476,Bolivian,-1,-1
1477,"Murder, He Says",-1,-1
1478,Ask A Policeman,-1,-1
1479,Léolo,-1,-1
1480,Gowran,-1,-1
1481,Vellore,-1,-1
1482,Zagreb,-1,-1
1483,Ischia,-1,-1
1484,"Karl Alexander, 5th Prince of Thurn and Taxis",-1,-1
1485,Bolko I of Opole,-1,-1
1486,"Heads I Win, Tails You Lose",-1,-1
1487,Longqing,-1,-1
1488,"Garsenda, Heiress of Bigorre",-1,-1
1489,yes,-1,-1
1490,Road Hard,-1,-1
1491,yes,-1,-1
1492,Madigan'S Millions,-1,-1
1493,Hem Från Babylon,-1,-1
1494,Harry Kendall Thaw,-1,-1
1495,Mark Brzezicki,-1,-1
1496,"Shaftsbury, Vermont",-1,-1
1497,no,-1,-1
1498,Montfort,-1,-1
1499,L'Affaire Maurizius,-1,-1
1500,United Nations,-1,-1
1501,Helsingfors,-1,-1
1502,New York,-1,-1
1503,Drusus Julius Caesar,-1,-1
1504,Deutsche Film- und Fernsehakademie Berlin,-1,-1
1505,Sergio Mimica-Gezzan,-1,-1
1506,Filipino,-1,-1
1507,Guilty?,-1,-1
1508,Franz Joseph I,-1,-1
1509,Escape From The 'Liberty' Cinema,-1,-1
1510,Gmunden,-1,-1
1511,Vienna,-1,-1
1512,Bad Homburg vor der Höhe,-1,-1
1513,Hills Of Hate,-1,-1
1514,yes,-1,-1
1515,Flesh For Frankenstein,-1,-1
1516,Mama'S Little Pirate,-1,-1
1517,yes,-1,-1
1518,2 June 2015,-1,-1
1519,New York,-1,-1
1520,yes,-1,-1
1521,Face In The Rain,-1,-1
1522,The Best Of Pure Voice,-1,-1
1523,Stanisław Leszczyński,-1,-1
1524,Paris,-1,-1
1525,"Matthew Stewart, 4th Earl of Lennox",-1,-1
1526,Eleanor of Castile,-1,-1
1527,Cologne,-1,-1
1528,Hong Kong,-1,-1
1529,Lewis Edward Emerson,-1,-1
1530,Mexican Spitfire'S Elephant,-1,-1
1531,Halga,-1,-1
1532,Darwin'S Nightmare,-1,-1
1533,Amstelveen,-1,-1
1534,Viliami Tungī Mailefihi,-1,-1
1535,"August 11, 1630",-1,-1
1536,Welsh,-1,-1
1537,Leverian Collection,-1,-1
1538,Urraca of León,-1,-1
1539,Meara Stiller,-1,-1
1540,My Love Came Back,-1,-1
1541,Qing dynasty,-1,-1
1542,The Madonna'S Secret,-1,-1
1543,Moonstruck,-1,-1
1544,Saw Myat Lay,-1,-1
1545,Biraj Bahu,-1,-1
1546,Ralph Earnhardt,-1,-1
1547,Catherine Opalińska,-1,-1
1548,Tjitra,-1,-1
1549,The Princess And The Clown,-1,-1
1550,American,-1,-1
1551,Paris Playboys,-1,-1
1552,National Film Board,-1,-1
1553,"Richard de Clare, 6th Earl of Gloucester",-1,-1
1554,no,-1,-1
1555,Pacific Rendezvous,-1,-1
1556,New York,-1,-1
1557,Rockland,-1,-1
1558,With Davy Crockett At The Fall Of The Alamo,-1,-1
1559,yes,-1,-1
1560,Porto,-1,-1
1561,9 May 1914,-1,-1
1562,Henry I of Navarre,-1,-1
1563,Niall mac Cernaig Sotal,-1,-1
1564,Börte,-1,-1
1565,Miss Tatlock'S Millions,-1,-1
1566,25 August 1940,-1,-1
1567,Revolt Of The Praetorians,-1,-1
1568,Chiang Chung-Ling,-1,-1
1569,Newel Knight,-1,-1
1570,Álvaro Grant Macdonald,-1,-1
1571,10 September 1859,-1,-1
1572,Mitch McConnell,-1,-1
1573,Compagnie Française Des Métaux,-1,-1
1574,La Vuelta De Rocha,-1,-1
1575,23 August 1478,-1,-1
1576,Grand Duke Vladimir Alexandrovich of Russia,-1,-1
1577,Panthéon,-1,-1
1578,Benaouda Boudjellal,-1,-1
1579,"Francis I, Holy Roman Emperor",-1,-1
1580,Everybody'S Hobby,-1,-1
1581,Wedding Bills,-1,-1
1582,7 August 1621,-1,-1
1583,18 July 1793,-1,-1
1584,Mystify: Michael Hutchence,-1,-1
1585,Forest Of Love,-1,-1
1586,2 February 1426,-1,-1
1587,China,-1,-1
1588,Fårö,-1,-1
1589,Khutughtu Khan,-1,-1
1590,Red Bank,-1,-1
1591,March Of The Penguins,-1,-1
1592,Christ Church,-1,-1
1593,James Reese Europe,-1,-1
1594,Buckinghamshire,-1,-1
1595,Her Luck In London,-1,-1
1596,11 November 1949,-1,-1
1597,yes,-1,-1
1598,no,-1,-1
1599,Norway,-1,-1
1600,Évreux,-1,-1
1601,Les Amants Du Pont Saint-Jean,-1,-1
1602,Montréal,-1,-1
1603,Göllheim,-1,-1
1604,"Charles Thomas, Prince of Löwenstein-Wertheim-Rosenberg",-1,-1
1605,Shoot-Out At Medicine Bend,-1,-1
1606,Woman Basketball Player No. 5,-1,-1
1607,Ela Gandhi,-1,-1
1608,"Anthony, Duke of Brabant",-1,-1
1609,Act Of Violence,-1,-1
1610,The Working Class Goes To Heaven,-1,-1
1611,Kong: Skull Island,-1,-1
1612,3 November 1901,-1,-1
1613,Mapy Cortés,-1,-1
1614,Le Frisson Des Vampires,-1,-1
1615,1283,-1,-1
1616,Helsinki,-1,-1
1617,yes,-1,-1
1618,no,-1,-1
1619,Irmengard of Henneberg,-1,-1
1620,Mapy Cortés,-1,-1
1621,British,-1,-1
1622,Filmfare Award,-1,-1
1623,Yuen Siu-tien,-1,-1
1624,Small Town Boy,-1,-1
1625,Kassel,-1,-1
1626,Alexander II of Russia,-1,-1
1627,Chuck Schumer,-1,-1
1628,Leipzig,-1,-1
1629,Darmstadt,-1,-1
1630,Kull The Conqueror,-1,-1
1631,Saxony,-1,-1
1632,"Santa Barbara, California",-1,-1
1633,César Award for Best Director,-1,-1
1634,New York,-1,-1
1635,The Falcon'S Alibi,-1,-1
1636,Melody Of Murder,-1,-1
1637,Margaretha van Mechelen,-1,-1
1638,Herstal,-1,-1
1639,Ward No.7,-1,-1
1640,Róża Maria Wodzicka,-1,-1
1641,National Film School in Łódź,-1,-1
1642,Baise-Moi,-1,-1
1643,Porto,-1,-1
1644,Lethal Weapon 2,-1,-1
1645,Product Perfect,-1,-1
1646,26 June 1809,-1,-1
1647,yes,-1,-1
1648,Australia Marches With Britain,-1,-1
1649,Auvergne,-1,-1
1650,11 February 1948,-1,-1
1651,"Mercer, Maine",-1,-1
1652,Polish–Lithuanian Commonwealth,-1,-1
1653,Dornburg,-1,-1
1654,Las Vegas Sands,-1,-1
1655,The Siege Of Sidney Street,-1,-1
1656,Miss Liselott,-1,-1
1657,Hollywood,-1,-1
1658,"Elle Boit Pas, Elle Fume Pas, Elle Drague Pas, Mais... Elle Cause !",-1,-1
1659,Voyage Of The Damned,-1,-1
1660,20 November 1592,-1,-1
1661,New York,-1,-1
1662,Hollywood,-1,-1
1663,Under The Rainbow,-1,-1
1664,489,-1,-1
1665,All That Heaven Allows,-1,-1
1666,"January 30, 1831",-1,-1
1667,"No Talking, Just Head",-1,-1
1668,10 November 1871,-1,-1
1669,India,-1,-1
1670,Elizabeth KekaʻAniau,-1,-1
1671,Folly To Be Wise,-1,-1
1672,British,-1,-1
1673,cancer,-1,-1
1674,Mazomanie,-1,-1
1675,Hackney,-1,-1
1676,6 July 1870,-1,-1
1677,yes,-1,-1
1678,yes,-1,-1
1679,Milan,-1,-1
1680,Castellina in Chianti,-1,-1
1681,Antardhan,-1,-1
1682,Stephansdom,-1,-1
1683,Philip of Ibelin,-1,-1
1684,Buckinghamshire,-1,-1
1685,Otto von Habsburg,-1,-1
1686,The Incredibly Strange Creatures Who Stopped Living And Became Mixed-Up Zombies,-1,-1
1687,Sweden,-1,-1
1688,Charles III William,-1,-1
1689,Thomas Frigård,-1,-1
1690,yes,-1,-1
1691,The Battle Of Jangsari,-1,-1
1692,yes,-1,-1
1693,The Appeal To Conscience,-1,-1
1694,19 May 1673,-1,-1
1695,1 July 1994,-1,-1
1696,Kapurush,-1,-1
1697,yes,-1,-1
1698,no,-1,-1
1699,Băilești,-1,-1
1700,yes,-1,-1
1701,Sweden,-1,-1
1702,"College Park, Georgia",-1,-1
1703,Asnières,-1,-1
1704,United Kingdom,-1,-1
1705,21 June 1483,-1,-1
1706,"Houston, Texas",-1,-1
1707,yes,-1,-1
1708,Ivo Pelay,-1,-1
1709,"Charles, Prince Of Nassau-Usingen",-1,-1
1710,Young Medardus,-1,-1
1711,Kolah Ghermezi And Pesar Khaleh,-1,-1
1712,Washington and Lee University,-1,-1
1713,Edwin Schlossberg,-1,-1
1714,Love Returns,-1,-1
1715,Tiger On Beat,-1,-1
1716,Shanghai,-1,-1
1717,yes,-1,-1
1718,Lorentz Mortensen Angell,-1,-1
1719,America,-1,-1
1720,ACE Award,-1,-1
1721,yes,-1,-1
1722,Frequencies From Planet Ten,-1,-1
1723,Arthur Kellam Tylee,-1,-1
1724,Hanuman Patal Vijay,-1,-1
1725,Archduke Karl Salvator of Austria,-1,-1
1726,16 November 1907,-1,-1
1727,10 October 1757,-1,-1
1728,"George III, Count of Erbach-Breuberg",-1,-1
1729,yes,-1,-1
1730,890,-1,-1
1731,Who'S Minding The Mint?,-1,-1
1732,Prince Archil of Imereti,-1,-1
1733,Albert I of Germany,-1,-1
1734,The House Of The Seven Hawks,-1,-1
1735,St John's College,-1,-1
1736,"John Lysaght, 1St Baron Lisle",-1,-1
1737,Frederick,-1,-1
1738,"Southampton, Hampshire",-1,-1
1739,Trinity Hall,-1,-1
1740,1323,-1,-1
1741,Ven Mi Corazón Te Llama,-1,-1
1742,Akkare Ninnoru Sultan,-1,-1
1743,Melvin Kranzberg,-1,-1
1744,Wilhelm Meise,-1,-1
1745,Before Tomorrow,-1,-1
1746,Constantinople,-1,-1
1747,The Last Round,-1,-1
1748,Emmys,-1,-1
1749,United States,-1,-1
1750,French,-1,-1
1751,Harry Gullichsen,-1,-1
1752,Hirachand Doshi,-1,-1
1753,Colmán mac Cobthaig,-1,-1
1754,"John George I, Elector of Saxony",-1,-1
1755,no,-1,-1
1756,The Hound Of Silver Creek,-1,-1
1757,Maria Amalia of Saxony,-1,-1
1758,Iceland,-1,-1
1759,Naukar Biwi Ka,-1,-1
1760,Lee Mantle,-1,-1
1761,Basilica of Superga,-1,-1
1762,Gofraid ua Ímair,-1,-1
1763,24 June 1771,-1,-1
1764,Beyoncé,-1,-1
1765,Mandela'S Gun,-1,-1
1766,Princess Joséphine Charlotte of Belgium,-1,-1
1767,"October 20, 2003",-1,-1
1768,Moulins,-1,-1
1769,Il Coraggio,-1,-1
1770,Italian,-1,-1
1771,Minh Mạng,-1,-1
1772,The Mystic,-1,-1
1773,Edwin Schlossberg,-1,-1
1774,Kujō Yoritsune,-1,-1
1775,Weimar,-1,-1
1776,Ndvungunye,-1,-1
1777,Hong Kong,-1,-1
1778,Jumanji,-1,-1
1779,yes,-1,-1
1780,Père Lachaise Cemetery,-1,-1
1781,Counterblast,-1,-1
1782,22 September 1840,-1,-1
1783,Henri Nestlé,-1,-1
1784,Bénouville,-1,-1
1785,Kingdom of Sicily,-1,-1
1786,Fairfax,-1,-1
1787,Hugh Gibb,-1,-1
1788,"February 18, 1911",-1,-1
1789,"William de Bohun, 1st Earl of Northampton",-1,-1
1790,Theekkadal,-1,-1
1791,Chimalpopoca,-1,-1
1792,America,-1,-1
1793,21 September 1962,-1,-1
1794,Elizabeth McDouall-Crichton,-1,-1
1795,"West Branch, Iowa",-1,-1
1796,Robert II,-1,-1
1797,12 July 1532,-1,-1
1798,Lidingö,-1,-1
1799,Cahiers du cinéma,-1,-1
1800,Northamptonshire,-1,-1
1801,"San Juan, Puerto Rico",-1,-1
1802,A Pistol For Ringo,-1,-1
1803,Bangaaru Kalalu,-1,-1
1804,yes,-1,-1
1805,British,-1,-1
1806,"Wine, Women And Horses",-1,-1
1807,22 April 1812,-1,-1
1808,New Zealand,-1,-1
1809,"Francis I, Holy Roman Emperor",-1,-1
1810,Myanmar,-1,-1
1811,Blanche of Navarre,-1,-1
1812,"Live A Little, Love A Little",-1,-1
1813,Ferdinand III,-1,-1
1814,Seville,-1,-1
1815,Constantine Euphorbenos Katakalon,-1,-1
1816,One Day In The Life Of Andrei Arsenevich,-1,-1
1817,"Elle Boit Pas, Elle Fume Pas, Elle Drague Pas, Mais... Elle Cause !",-1,-1
1818,Siemomysł,-1,-1
1819,Sword In The Desert,-1,-1
1820,New York,-1,-1
1821,Ansegisel,-1,-1
1822,"Columbiana, Alabama",-1,-1
1823,Sanremo Music Festival,-1,-1
1824,Kozan,-1,-1
1825,Eutropia,-1,-1
1826,Swiss,-1,-1
1827,Vaa Arugil Vaa,-1,-1
1828,China,-1,-1
1829,Abcd: American-Born Confused Desi,-1,-1
1830,George F. Sowers,-1,-1
1831,no,-1,-1
1832,Denmark,-1,-1
1833,Hollywood,-1,-1
1834,yes,-1,-1
1835,Goya'S Ghosts,-1,-1
1836,Ghislaine De Polignac,-1,-1
1837,Beyoncé,-1,-1
1838,Galeazzo Maria Sforza,-1,-1
1839,Abbott And Costello In The Foreign Legion,-1,-1
1840,Karachi,-1,-1
1841,17 November 1845,-1,-1
1842,Spooky Buddies,-1,-1
1843,All Neat In Black Stockings,-1,-1
1844,Reval,-1,-1
1845,New York,-1,-1
1846,"Ernst II, Prince of Hohenlohe-Langenburg",-1,-1
1847,Princess Alexandra of Saxe-Coburg and Gotha,-1,-1
1848,Hardin County,-1,-1
1849,Leopoldo Torre Nilsson,-1,-1
1850,"Archibald Edmonstone, 10th of Duntreath",-1,-1
1851,Kreuzwertheim,-1,-1
1852,Fukuoka,-1,-1
1853,Cuidado Con Las Colas,-1,-1
1854,yes,-1,-1
1855,Charles V,-1,-1
1856,Oswiu of Northumbria,-1,-1
1857,Besançon,-1,-1
1858,University of Perpetual Help System DALTA,-1,-1
1859,Vienna,-1,-1
1860,Bolesław III Wrymouth,-1,-1
1861,Girls Of The Night,-1,-1
1862,Oliba I of Carcassonne,-1,-1
1863,Janga Augustus Kowo,-1,-1
1864,Marie d'Agoult,-1,-1
1865,Zürich,-1,-1
1866,Adalberto Pereira Dos Santos,-1,-1
1867,Birmingham,-1,-1
1868,Kirchheim unter Teck,-1,-1
1869,Mashdi Ebad,-1,-1
1870,Hands Across The Border,-1,-1
1871,Old Mother Riley'S Ghosts,-1,-1
1872,Murder By Proxy,-1,-1
1873,Ride The High Country,-1,-1
1874,Madrid,-1,-1
1875,27 November 1329,-1,-1
1876,Khengarji III,-1,-1
1877,Tony Iob,-1,-1
1878,Infanta Maria Antonia of Portugal,-1,-1
1879,Blue Murder At St Trinian'S,-1,-1
1880,"Dedi III, Margrave of Lusatia",-1,-1
1881,Los Angeles,-1,-1
1882,7 September 1868,-1,-1
1883,The Ghost Breakers,-1,-1
1884,Night Of The Living Dead,-1,-1
1885,Storm Center,-1,-1
1886,Tracy Rides,-1,-1
1887,"October 16, 1867",-1,-1
1888,"Los Angeles, California",-1,-1
1889,22 June 1904,-1,-1
1890,yes,-1,-1
1891,"Edward Lloyd, 1st Baron Mostyn",-1,-1
1892,11 November 1887,-1,-1
1893,yes,-1,-1
1894,Brodie Van Wagenen,-1,-1
1895,Dillon S. Myer,-1,-1
1896,yes,-1,-1
1897,Rohan Marley,-1,-1
1898,"Occhio, Malocchio, Prezzemolo E Finocchio",-1,-1
1899,"Tupelo, Mississippi",-1,-1
1900,Brno,-1,-1
1901,Across The Blue Sea,-1,-1
1902,yes,-1,-1
1903,Emanuela Felici,-1,-1
1904,New York,-1,-1
1905,Sir John Lyon of Glamis,-1,-1
1906,Beauty No. 2,-1,-1
1907,Carib Gold,-1,-1
1908,Babita,-1,-1
1909,Isidro Huarte,-1,-1
1910,St Hilda's Anglican School for Girls,-1,-1
1911,Bad Day At Black Rock,-1,-1
1912,Pillars Of The Sky,-1,-1
1913,Shaikh Ayaz,-1,-1
1914,"Brockton, Massachusetts",-1,-1
1915,"Move Over, Darling",-1,-1
1916,Hampshire College,-1,-1
1917,"John Manners, 3rd Duke of Rutland",-1,-1
1918,Panthéon,-1,-1
1919,yes,-1,-1
1920,Venice,-1,-1
1921,yes,-1,-1
1922,Canadian,-1,-1
1923,18 September 1973,-1,-1
1924,Lithuania,-1,-1
1925,Brandon,-1,-1
1926,Molokai: The Story Of Father Damien,-1,-1
1927,Sette Giorni All'Altro Mondo,-1,-1
1928,Bhoodana,-1,-1
1929,Prípad Barnabáš Kos,-1,-1
1930,São Paulo,-1,-1
1931,no,-1,-1
1932,Cairo,-1,-1
1933,"George Nevill, 1St Earl Of Abergavenny",-1,-1
1934,yes,-1,-1
1935,yes,-1,-1
1936,yes,-1,-1
1937,England,-1,-1
1938,3 March 1778,-1,-1
1939,Libertad Bajo Palabra,-1,-1
1940,1625,-1,-1
1941,Jessi Colter,-1,-1
1942,Ramla,-1,-1
1943,Paris,-1,-1
1944,Bhuvan Shome,-1,-1
1945,11 Flowers,-1,-1
1946,Mosaico,-1,-1
1947,Beaufort,-1,-1
1948,4 June 1545,-1,-1
1949,Carl Smith,-1,-1
1950,Ulti Ganga,-1,-1
1951,Hagonoy,-1,-1
1952,Design For Scandal,-1,-1
1953,yes,-1,-1
1954,Prince Carlos of Bourbon-Two Sicilies,-1,-1
1955,Clown Charly,-1,-1
1956,Françoise Hardy,-1,-1
1957,The Winning Of Sally Temple,-1,-1
1958,Iran,-1,-1
1959,Amma Rajinama,-1,-1
1960,New York,-1,-1
1961,Rabat,-1,-1
1962,Henry Vernon,-1,-1
1963,"West Branch, Iowa",-1,-1
1964,1886,-1,-1
1965,Sampathige Savaal,-1,-1
1966,Bernice Layne Brown,-1,-1
1967,Maddalena de' Medici,-1,-1
1968,Paris,-1,-1
1969,Eva Slater,-1,-1
1970,Paris,-1,-1
1971,"September 14, 1769",-1,-1
1972,9 January 1993,-1,-1
1973,Despotate of Epirus,-1,-1
1974,no,-1,-1
1975,yes,-1,-1
1976,Johnny Tiger,-1,-1
1977,Tehran,-1,-1
1978,Tarzan'S Magic Fountain,-1,-1
1979,Grammy,-1,-1
1980,Camas,-1,-1
1981,Ferdinand I of the Two Sicilies,-1,-1
1982,Baugé,-1,-1
1983,Bruce Edwards Ivins,-1,-1
1984,Princess Louise Caroline of Hesse-Kassel,-1,-1
1985,"May 2, 1982",-1,-1
1986,L'viv,-1,-1
1987,Bohemia,-1,-1
1988,Margherita del Balzo,-1,-1
1989,Konrad I of Oleśnica,-1,-1
1990,Winter Of Frozen Dreams,-1,-1
1991,Constantinople,-1,-1
1992,yes,-1,-1
1993,The Drover'S Sweetheart,-1,-1
1994,Total Nonstop Action Wrestling,-1,-1
1995,yes,-1,-1
1996,Frederick Louis,-1,-1
1997,Reval,-1,-1
1998,Stange,-1,-1
1999,Nagalit Ang Buwan Sa Haba Ng Gabi,-1,-1
2000,"Angélique, Marquise Des Anges",-1,-1
2001,Juliana Molyneux,-1,-1
2002,Gandeevam,-1,-1
2003,20 April 1434,-1,-1
2004,Mitau,-1,-1
2005,Louisiana,-1,-1
2006,Hostel: Part Ii,-1,-1
2007,London Melody,-1,-1
2008,Turkic,-1,-1
2009,14 April 1930,-1,-1
2010,English,-1,-1
2011,Pinos Puente,-1,-1
2012,William Burgh,-1,-1
2013,Frank Cignetti Jr.,-1,-1
2014,Sunrise At Campobello,-1,-1
2015,"Niagara Falls, New York",-1,-1
2016,Robert L. Thornton,-1,-1
2017,Emma Thomas,-1,-1
2018,Mrauk U,-1,-1
2019,Uta of Passau,-1,-1
2020,Germany,-1,-1
2021,R U The Girl,-1,-1
2022,Defendor,-1,-1
2023,The Return Of The Tall Blond Man With One Black Shoe,-1,-1
2024,25 April 1217,-1,-1
2025,Vladimir II Monomakh,-1,-1
2026,Linlithgow,-1,-1
2027,"Archibald Acheson, 2nd Earl of Gosford",-1,-1
2028,Hollywood,-1,-1
2029,Sancho Ramírez,-1,-1
2030,Constance,-1,-1
2031,Poland,-1,-1
2032,Hell Up In Harlem,-1,-1
2033,Jean-Baptiste-Denis Despré,-1,-1
2034,14 September 1982,-1,-1
2035,"Guy II, Count of Soissons",-1,-1
2036,William Henry Fellowes,-1,-1
2037,6 June 1945,-1,-1
2038,30 March 1785,-1,-1
2039,yes,-1,-1
2040,The Cat In The Bag,-1,-1
2041,"Jesús, Nuestro Señor",-1,-1
2042,yes,-1,-1
2043,Seleucid Empire,-1,-1
2044,"Frederick VIII, Duke of Schleswig-Holstein",-1,-1
2045,June Carter,-1,-1
2046,Elisabeth Farnese,-1,-1
2047,Cahiers du cinéma,-1,-1
2048,19 March 1857,-1,-1
2049,Dartmouth,-1,-1
2050,Florentine Republic,-1,-1
2051,American,-1,-1
2052,Sports Direct,-1,-1
2053,Bowdoin College,-1,-1
2054,A Woman In Flames,-1,-1
2055,Confessions Of A Window Cleaner,-1,-1
2056,Gweedore,-1,-1
2057,The Toth Family,-1,-1
2058,19 February 1863,-1,-1
2059,California,-1,-1
2060,Adolph II of the Marck,-1,-1
2061,Cuban,-1,-1
2062,Tewkesbury,-1,-1
2063,Jesse James At Bay,-1,-1
2064,Ottoman Empire,-1,-1
2065,The Hidden One,-1,-1
2066,Toledo,-1,-1
2067,"Theobald II, Count of Bar",-1,-1
2068,Anna of Eppstein-Königstein,-1,-1
2069,John of Bohemia,-1,-1
2070,Saint Petersburg Conservatory,-1,-1
2071,Robert Lowther,-1,-1
2072,16 May 1797,-1,-1
2073,British,-1,-1
2074,Paris,-1,-1
2075,Fairview,-1,-1
2076,Marek Janowski,-1,-1
2077,I'D Give My Life,-1,-1
2078,Pchelovodstvo,-1,-1
2079,"Frederick VIII, Duke of Schleswig-Holstein",-1,-1
2080,I Don Giovanni Della Costa Azzurra,-1,-1
2081,Battle of Uhud,-1,-1
2082,Dearborn,-1,-1
2083,Pavia,-1,-1
2084,Northampton,-1,-1
2085,Parkinson's disease,-1,-1
2086,Al Khor,-1,-1
2087,Hearts Of The World,-1,-1
2088,Fire Maidens From Outer Space,-1,-1
2089,Pirmasens,-1,-1
2090,Helsingør,-1,-1
2091,Kingdom of Hawaii,-1,-1
2092,Zagreb,-1,-1
2093,Cahiers du cinéma,-1,-1
2094,Norway,-1,-1
2095,Ancient Egypt,-1,-1
2096,218,-1,-1
2097,"Christian August of Holstein-Gottorp, Prince of Eutin",-1,-1
2098,Al Khor,-1,-1
2099,"George Herbert, 5th Earl of Carnarvon",-1,-1
2100,Crooks And Coronets,-1,-1
2101,L'Assiette Au Beurre,-1,-1
2102,Waco: The Rules Of Engagement,-1,-1
2103,Marilù Parolini,-1,-1
2104,Gostynin,-1,-1
2105,Anna Maria of Mecklenburg-Schwerin,-1,-1
2106,18 February 1703,-1,-1
2107,"Bentonville, Arkansas",-1,-1
2108,Her Country'S Call,-1,-1
2109,Gutta-Percha Boy,-1,-1
2110,Cahiers du cinéma,-1,-1
2111,yes,-1,-1
2112,Bronx,-1,-1
2113,Austria,-1,-1
2114,Kingdom of León,-1,-1
2115,Coutances,-1,-1
2116,823,-1,-1
2117,Château de Suscinio,-1,-1
2118,Christian Ditlev Reventlow,-1,-1
2119,Andrew Lloyd Webber,-1,-1
2120,Henry McLaren,-1,-1
2121,Francis Bryan,-1,-1
2122,Niyoti,-1,-1
2123,"Francis I, Holy Roman Emperor",-1,-1
2124,Ayşecik Ve Sihirli Cüceler Rüyalar Ülkesinde,-1,-1
2125,Valley of the Queens,-1,-1
2126,Gujarati,-1,-1
2127,Valeggio sul Mincio,-1,-1
2128,yes,-1,-1
2129,Emory University,-1,-1
2130,Fitzalan Chapel,-1,-1
2131,Ndoto Za Elibidi,-1,-1
2132,Persian,-1,-1
2133,14 July 2008,-1,-1
2134,Tübingen,-1,-1
2135,"Winnipeg, Manitoba",-1,-1
2136,Arizona,-1,-1
2137,John Leventhal,-1,-1
2138,Rome,-1,-1
2139,yes,-1,-1
2140,Edward And Caroline,-1,-1
2141,Venice,-1,-1
2142,Port of Spain,-1,-1
2143,Torre Annunziata,-1,-1
2144,Roman,-1,-1
2145,London,-1,-1
2146,Halle,-1,-1
2147,Richard de Umfraville,-1,-1
2148,Łódź,-1,-1
2149,Billy Ray Cyrus,-1,-1
2150,"Houston, Texas",-1,-1
2151,yes,-1,-1
2152,Annette In Paradise,-1,-1
2153,Port of Spain,-1,-1
2154,"December 25, 1995",-1,-1
2155,yes,-1,-1
2156,Greek,-1,-1
2157,1038,-1,-1
2158,Buckingham Palace,-1,-1
2159,Member of the Order of the British Empire,-1,-1
2160,Trnava,-1,-1
2161,"Esmé Stewart, 1st Duke of Lennox",-1,-1
2162,yes,-1,-1
2163,Pierre-Philippe Choffard,-1,-1
2164,The Gentle Sex,-1,-1
2165,National Film School in Łódź,-1,-1
2166,6 March 1854,-1,-1
2167,assassination,-1,-1
2168,A Place Near Heaven,-1,-1
2169,Paris,-1,-1
2170,yes,-1,-1
2171,29 March 1807,-1,-1
2172,7 March 1517,-1,-1
2173,Saffron Walden,-1,-1
2174,yes,-1,-1
2175,"Maurice FitzGerald, 2nd Earl of Desmond",-1,-1
2176,Brooklyn,-1,-1
2177,Frankish Kingdom,-1,-1
2178,Alzheimer,-1,-1
2179,Pat Brown,-1,-1
2180,1945,-1,-1
2181,New York,-1,-1
2182,Wartime Nutrition,-1,-1
2183,Liverpool,-1,-1
2184,17 December 1750,-1,-1
2185,University of Bergen,-1,-1
2186,A Small Down Payment On Bliss,-1,-1
2187,"Bodo VIII, Count of Stolberg-Wernigerode",-1,-1
2188,Constantinople,-1,-1
2189,Ángel De La Torre,-1,-1
2190,Lethal Weapon 2,-1,-1
2191,French,-1,-1
2192,Jolson Sings Again,-1,-1
2193,Cahiers du cinéma,-1,-1
2194,The Terror Of Tiny Town,-1,-1
2195,Lady Annette Mary Talbot,-1,-1
2196,Città di Castello,-1,-1
2197,Angels Revenge,-1,-1
2198,Buckinghamshire,-1,-1
2199,Windsor,-1,-1
2200,André of Brienne,-1,-1
2201,After The Fall Of Man,-1,-1
2202,Roads Of Kiarostami,-1,-1
2203,Fleetwood Sheppard,-1,-1
2204,"May 13, 1846",-1,-1
2205,yes,-1,-1
2206,Coventry,-1,-1
2207,America,-1,-1
2208,Christ Church,-1,-1
2209,Louis X of France,-1,-1
2210,Venezuelan,-1,-1
2211,Tomás Martínez,-1,-1
2212,Constantinople,-1,-1
2213,Střevíčky Slečny Pavlíny,-1,-1
2214,Caracas,-1,-1
2215,yes,-1,-1
2216,no,-1,-1
2217,Amherst,-1,-1
2218,Retalhos Da Vida De Um Médico,-1,-1
2219,Thomas de Beauchamp,-1,-1
2220,Reykjavík,-1,-1
2221,New York,-1,-1
2222,Ana García-Arcicollar Vallejo,-1,-1
2223,In The Land Of The Head Hunters,-1,-1
2224,Noerr,-1,-1
2225,Harvard University,-1,-1
2226,Peking,-1,-1
2227,The Dream Car,-1,-1
2228,British,-1,-1
2229,1564,-1,-1
2230,Lone Wolf Mcquade,-1,-1
2231,Andrew Lloyd Webber,-1,-1
2232,yes,-1,-1
2233,Jessi Colter,-1,-1
2234,Gospel Music Hall of Fame,-1,-1
2235,Balliol College,-1,-1
2236,The Man In The Funny Suit,-1,-1
2237,Khutughtu Khan,-1,-1
2238,Barcelona,-1,-1
2239,Westminster,-1,-1
2240,Tennessee,-1,-1
2241,The Story Of Three Loves,-1,-1
2242,America,-1,-1
2243,Ghost Of The China Sea,-1,-1
2244,Felix Cicaterri,-1,-1
2245,5 June 1568,-1,-1
2246,1 August 1813,-1,-1
2247,Ottoman Empire,-1,-1
2248,Frederick V,-1,-1
2249,Filmfare Award,-1,-1
2250,Dinner At The Ritz,-1,-1
2251,Kraków,-1,-1
2252,Cahiers du cinéma,-1,-1
2253,Louis X of France,-1,-1
2254,Khamag Mongol,-1,-1
2255,Düsseldorf,-1,-1
2256,Düsseldorf,-1,-1
2257,Seattle,-1,-1
2258,Das Mädchen Und Der Staatsanwalt,-1,-1
2259,University of Kansas,-1,-1
2260,Murray'S Magazine,-1,-1
2261,Once Upon A Time In The Woods,-1,-1
2262,yes,-1,-1
2263,13 March 1181,-1,-1
2264,Zhang Ao,-1,-1
2265,Jugband Blues,-1,-1
2266,"Royal Military College, Sandhurst",-1,-1
2267,"Bernard I, Margrave of Baden-Baden",-1,-1
2268,Al-Harith ibn Jabalah,-1,-1
2269,Adolph Braeckeveldt,-1,-1
2270,"George Milles, 4th Baron Sondes",-1,-1
2271,British,-1,-1
2272,Murder At Monte Carlo,-1,-1
2273,Port of Spain,-1,-1
2274,"Íñigo Vélez de Guevara, 7th Count of Oñate",-1,-1
2275,Magnus Julius De la Gardie,-1,-1
2276,Hollywood,-1,-1
2277,Ömer The Tourist In Star Trek,-1,-1
2278,29 January 1816,-1,-1
2279,Robert III of Artois,-1,-1
2280,Altenberg,-1,-1
2281,Order of the British Empire,-1,-1
2282,yes,-1,-1
2283,University of Massachusetts Amherst,-1,-1
2284,16 February 1936,-1,-1
2285,Henri de La Trémoille,-1,-1
2286,16 March 1747,-1,-1
2287,Chris Pérez,-1,-1
2288,Rome,-1,-1
2289,His Brother'S Ghost,-1,-1
2290,Colony of Virginia,-1,-1
2291,Hackney,-1,-1
2292,A Mother Of Men,-1,-1
2293,María de Salinas,-1,-1
2294,Poitou,-1,-1
2295,British,-1,-1
2296,no,-1,-1
2297,yes,-1,-1
2298,29 October 1926,-1,-1
2299,Okemah,-1,-1
2300,Naples,-1,-1
2301,Charles V,-1,-1
2302,Varakatnam,-1,-1
2303,"Sheba, Baby",-1,-1
2304,VGIK,-1,-1
2305,Mongolia,-1,-1
2306,United States,-1,-1
2307,Norwegian,-1,-1
2308,"Naha, Okinawa",-1,-1
2309,Rochester,-1,-1
2310,Daniel Agnew,-1,-1
2311,Imperial Crypt,-1,-1
2312,Edirne,-1,-1
2313,Amarna,-1,-1
2314,"Paramus, New Jersey",-1,-1
2315,Siam,-1,-1
2316,Duchy of Milan,-1,-1
2317,Mühlburg,-1,-1
2318,Huntington's disease,-1,-1
2319,Sun Jian,-1,-1
2320,Öland,-1,-1
2321,Gundred de Warenne,-1,-1
2322,Guy Auguste De Rohan-Chabot,-1,-1
2323,19 January 1628,-1,-1
2324,yes,-1,-1
2325,Leerort,-1,-1
2326,Aurich,-1,-1
2327,Theobald III,-1,-1
2328,Henrietta Maria of France,-1,-1
2329,Kraków,-1,-1
2330,Paris,-1,-1
2331,"Sir John Monson, 2nd Baronet",-1,-1
2332,American,-1,-1
2333,Scottish,-1,-1
2334,1 August 10,-1,-1
2335,Cecile of France,-1,-1
2336,Bohemia,-1,-1
2337,Constantinople,-1,-1
2338,Lahiri Lahiri Lahirilo,-1,-1
2339,Monterrey,-1,-1
2340,Houston,-1,-1
2341,King Zhuang of Chu,-1,-1
2342,"Godfrey III, Duke of Lower Lorraine",-1,-1
2343,Mayabazar,-1,-1
2344,Qing dynasty,-1,-1
2345,20 December 1946,-1,-1
2346,kauvery hospital,-1,-1
2347,Pest,-1,-1
2348,Professor Marston And The Wonder Women,-1,-1
2349,yes,-1,-1
2350,"William VI, Marquess of Montferrat",-1,-1
2351,4 July 2011,-1,-1
2352,Yale,-1,-1
2353,Westminster,-1,-1
2354,Staffordshire,-1,-1
2355,The Convict From Istanbul,-1,-1
2356,"Theobald II, Count of Bar",-1,-1
2357,Ballarat,-1,-1
2358,37,-1,-1
2359,The Thing About My Folks,-1,-1
2360,Army,-1,-1
2361,Dutch,-1,-1
2362,Amarna,-1,-1
2363,4 January 1790,-1,-1
2364,The Hawks And The Sparrows,-1,-1
2365,21 February 1923,-1,-1
2366,United States,-1,-1
2367,yes,-1,-1
2368,"Jerome, 4th Count de Salis-Soglio",-1,-1
2369,Kalos Ilthe To Dollario,-1,-1
2370,Tom At The Farm,-1,-1
2371,Władysław I Herman,-1,-1
2372,"Robert Seton, 1st Earl of Winton",-1,-1
2373,Anne Gore,-1,-1
2374,Gaza,-1,-1
2375,Philippi,-1,-1
2376,19 November 1805,-1,-1
2377,yes,-1,-1
2378,Zita of Bourbon-Parma,-1,-1
2379,Under Siege 2: Dark Territory,-1,-1
2380,Hollywood,-1,-1
2381,1 May 1888,-1,-1
2382,Chiang Kai-shek,-1,-1
2383,Cornelis Evertsen The Younger,-1,-1
2384,cirrhosis,-1,-1
2385,Marie Rennotte,-1,-1
2386,"October 7, 1792",-1,-1
2387,Pegau,-1,-1
2388,Scottish,-1,-1
2389,Abilene,-1,-1
2390,Leave It To Henry,-1,-1
2391,London,-1,-1
2392,Belgrade,-1,-1
2393,Infanta Maria Antonia of Portugal,-1,-1
2394,Washington,-1,-1
2395,Okemah,-1,-1
2396,Khamag Mongol,-1,-1
2397,"September 17, 1923",-1,-1
2398,Lucy Mervyn,-1,-1
2399,Wd Scott,-1,-1
2400,Niger,-1,-1
2401,Wellington,-1,-1
2402,La Riera de Gaià,-1,-1
2403,"June 23, 1992",-1,-1
2404,Madrid,-1,-1
2405,Pyay,-1,-1
2406,Fårö,-1,-1
2407,Worksop,-1,-1
2408,Whitby Abbey,-1,-1
2409,Inwa,-1,-1
2410,"January 5, 1997",-1,-1
2411,Sons Of Ingmar,-1,-1
2412,yes,-1,-1
2413,Adelaide,-1,-1
2414,Fruttuaria,-1,-1
2415,"Patrick Lyon, 3rd Earl of Strathmore and Kinghorne",-1,-1
2416,Jeddah,-1,-1
2417,Munich,-1,-1
2418,no,-1,-1
2419,Tower Hill,-1,-1
2420,Birán,-1,-1
2421,Peter III of Portugal,-1,-1
2422,no,-1,-1
2423,yes,-1,-1
2424,A Sportsman'S Wife,-1,-1
2425,"Houston, Texas",-1,-1
2426,Artavasdes I of Media Atropatene,-1,-1
2427,yes,-1,-1
2428,Catherine of Braganza,-1,-1
2429,Siriraj Hospital,-1,-1
2430,Athens,-1,-1
2431,A Better Tomorrow Iii: Love & Death In Saigon,-1,-1
2432,Juilliard,-1,-1
2433,Daughters Of The Night,-1,-1
2434,British,-1,-1
2435,Soviet Union,-1,-1
2436,Marie Agba-Otikpo,-1,-1
2437,It'S Pat,-1,-1
2438,Manchester,-1,-1
2439,Alexis Roderick,-1,-1
2440,15 February 1879,-1,-1
2441,Acre,-1,-1
2442,Mount Olive,-1,-1
2443,Ju-On: The Grudge,-1,-1
2444,Donne-Moi Le Temps,-1,-1
2445,Fårö,-1,-1
2446,A Yank In The R.A.F.,-1,-1
2447,Maheshwar,-1,-1
2448,Rhinebeck Cemetery,-1,-1
2449,yellow fever,-1,-1
2450,English,-1,-1
2451,Princess Wilhelmine of Baden,-1,-1
2452,Florence,-1,-1
2453,Baltimore City,-1,-1
2454,firing squad,-1,-1
2455,Princess Wilhelmine of Baden,-1,-1
2456,yes,-1,-1
2457,John of Islay,-1,-1
2458,yes,-1,-1
2459,Siam,-1,-1
2460,Girls & Peace,-1,-1
2461,Byurakan,-1,-1
2462,Quebec,-1,-1
2463,Hamburg,-1,-1
2464,Ant-Man And The Wasp,-1,-1
2465,yes,-1,-1
2466,Athens,-1,-1
2467,4 October 1872,-1,-1
2468,"Henry I, Count of Holstein-Rendsburg",-1,-1
2469,yes,-1,-1
2470,Kingdom of Imerina,-1,-1
2471,Saqqara,-1,-1
2472,Pittsburgh,-1,-1
2473,"John St John, 11th Baron St John of Bletso",-1,-1
2474,Eustace de Vesci,-1,-1
2475,Canadian,-1,-1
2476,yes,-1,-1
2477,30 March 1864,-1,-1
2478,England,-1,-1
2479,WWE Hall of Fame,-1,-1
2480,Face/Off,-1,-1
2481,Army,-1,-1
2482,"Westchester County, New York",-1,-1
2483,yes,-1,-1
2484,Robert I,-1,-1
2485,Leeds,-1,-1
2486,Germania,-1,-1
2487,Burhanpur,-1,-1
2488,London,-1,-1
2489,Bloemfontein,-1,-1
2490,Rock and Roll Hall of Fame,-1,-1
2491,Daphne And The Diplomat,-1,-1
2492,"Clear Lake, Iowa",-1,-1
2493,Bevern,-1,-1
2494,Huntington's disease,-1,-1
2495,Naples,-1,-1
2496,Bath,-1,-1
2497,Canadian,-1,-1
2498,Alexandria,-1,-1
2499,Plymouth,-1,-1
